Date,Mkt-RF_VM,SMB_VM,HML_VM,Mom_VM,Mkt-RF,SMB,HML,Mom,RF
1927-01,-0.3198,-1.5569,20.1844,3.2973,-0.0500,-0.3200,4.5800,0.5700,0.2500
1927-02,27.7062,0.2845,3.3096,-7.4847,4.1700,0.0700,2.7200,-1.5000,0.2600
1927-03,1.8149,-5.2347,-3.2726,30.6068,0.1400,-1.7700,-2.3800,3.5200,0.3000
1927-04,1.5530,1.5346,1.6622,16.6030,0.4700,0.3900,0.6500,4.3600,0.2500
1927-05,26.7021,9.4955,11.5349,10.1310,5.4500,1.5500,4.8000,2.7800,0.3000
1927-06,-19.2648,1.4638,-5.0083,1.9322,-2.3800,0.5100,-1.7200,0.5500,0.2600
1927-07,27.0495,-16.2992,-2.1251,13.6951,7.2600,-3.2700,-1.1300,4.2200,0.3000
1927-08,15.5697,-3.2787,-19.2890,8.0931,1.9900,-0.7700,-3.8500,1.2500,0.2800
1927-09,11.8253,-16.6807,-1.5745,3.6454,4.7700,-3.6000,-0.5700,1.9300,0.2100
1927-10,-12.3331,9.1181,-31.6685,-3.3267,-4.2900,2.0300,-4.4700,-0.9200,0.2500
1927-11,15.0494,8.6441,-0.1482,-0.4954,6.5200,2.7800,-0.0800,-0.2200,0.2100
1927-12,8.3211,4.9954,-8.5556,8.2112,2.0900,0.9800,-1.1200,3.1100,0.2200
1928-01,-3.1452,13.8915,-2.1174,-1.7138,-0.5700,4.2000,-0.7100,-0.4600,0.2500
1928-02,-6.1908,-4.9628,-6.2220,-5.9286,-1.6900,-2.0600,-0.6400,-1.0700,0.3300
1928-03,34.5777,-1.1088,-4.3897,38.8439,8.7900,-0.3800,-1.1100,4.7000,0.2900
1928-04,12.1660,10.8256,7.6520,-10.1221,4.2500,4.1400,3.2500,-5.8500,0.2200
1928-05,3.2934,9.4008,-6.6604,9.1273,1.5200,2.7000,-3.0000,2.6400,0.3200
1928-06,-8.1939,-8.9236,0.7255,3.8861,-4.9000,-3.7600,0.2800,1.7900,0.3100
1928-07,0.4294,-0.7214,-1.5292,3.4225,0.6300,-1.3600,-0.5400,2.6700,0.3200
1928-08,12.2031,-16.1275,-6.9701,13.4661,6.6900,-2.0400,-2.1300,3.6800,0.3200
1928-09,7.8258,12.1376,4.4707,15.2809,2.8700,2.4000,0.8400,3.4000,0.2700
1928-10,5.8046,10.0659,-9.0854,15.8167,1.3100,2.2400,-2.1400,5.1100,0.4100
1928-11,47.0773,-5.5539,6.8755,7.4361,11.8200,-1.8200,2.6500,1.7800,0.3800
1928-12,0.7010,-2.5472,-1.1745,6.5011,0.4000,-0.9300,-0.5200,1.5800,0.0600
1929-01,3.2352,-4.6998,-2.5890,2.5527,4.6600,-3.3500,-1.2200,2.4300,0.3400
1929-02,-0.7012,-0.8350,4.4637,12.1238,-0.3400,-0.3300,1.6600,3.1000,0.3600
1929-03,-0.9438,-10.6622,3.9312,-0.8313,-0.8500,-4.9100,1.5700,-0.5400,0.3400
1929-04,1.0557,-0.9880,3.3059,6.9590,1.4700,-1.1200,0.9300,2.0700,0.3600
1929-05,-9.5023,-10.4728,-3.2494,-4.5301,-6.3800,-5.4400,-1.5200,-2.3200,0.4400
1929-06,7.4558,-2.1682,-9.1922,11.3236,9.7000,-2.1400,-2.7400,8.3100,0.5200
1929-07,10.7396,-13.2890,4.5068,8.5080,4.4800,-3.8700,2.6700,2.9500,0.3300
1929-08,22.6381,-22.6228,0.6931,12.1089,8.1400,-9.7500,0.3200,4.4000,0.4000
1929-09,-5.1280,1.7957,-2.3434,7.0396,-5.4500,1.3400,-0.7900,2.9600,0.3500
1929-10,-21.2442,-4.5655,42.7209,5.7993,-20.0700,-4.9500,7.5400,2.4400,0.4600
1929-11,-0.6780,-0.0978,1.7836,-0.9141,-12.8700,-0.8800,5.0500,-2.0700,0.3700
1929-12,0.1072,-0.6489,-0.0672,2.3118,1.2800,-4.1000,-0.1400,5.4300,0.3700
1930-01,1.8300,2.1575,-1.5122,-2.5125,5.6100,3.4900,-1.0300,-5.4600,0.1400
1930-02,6.3762,0.4419,0.4749,1.3331,2.5000,0.2800,0.2800,1.1500,0.3000
1930-03,13.8463,12.4056,1.0588,-12.0727,7.0900,3.3900,0.3000,-4.2300,0.3500
1930-04,-5.2482,-0.8205,-1.0445,6.4709,-2.0500,-0.3500,-0.3700,4.1300,0.2100
1930-05,-3.2145,-4.8774,-1.6581,-2.3073,-1.6600,-2.1000,-0.7400,-0.7600,0.2600
1930-06,-10.8311,-3.0063,2.6037,5.5921,-16.0800,-3.5900,2.4000,5.8400,0.2700
1930-07,0.9484,-0.1135,-1.7811,-1.7553,4.1200,-0.2700,-1.7000,-2.1400,0.2000
1930-08,0.2151,-1.6624,-1.4579,3.7731,0.3000,-2.1600,-0.5900,3.8700,0.0900
1930-09,-9.9877,-2.5178,-21.1152,33.2114,-12.8100,-2.4100,-5.0900,11.5900,0.2200
1930-10,-7.3942,-0.2725,-1.6400,10.5339,-8.7800,-0.2000,-1.0900,6.2700,0.0900
1930-11,-0.8418,0.5720,-3.0143,-1.2120,-3.0400,2.4600,-3.8100,-1.3200,0.1300
1930-12,-3.6489,-3.3713,-5.9386,7.1766,-7.8600,-4.6700,-5.6900,12.4800,0.1400
1931-01,2.5100,1.0345,4.1414,-3.5234,6.2500,3.4700,8.2400,-11.1000,0.1500
1931-02,6.7204,2.5878,0.9329,-3.9772,10.8800,3.4500,1.6300,-13.5800,0.0400
1931-03,-7.3818,7.1224,-6.3998,4.9425,-6.3500,2.8300,-3.2000,9.7200,0.1300
1931-04,-8.7976,-3.6508,-7.3798,6.8796,-10.0000,-4.2200,-4.3300,11.0000,0.0800
1931-05,-6.4366,3.6258,-4.3300,9.3623,-13.2900,5.2200,-6.3100,9.2300,0.0900
1931-06,7.2574,-1.2858,11.0728,-20.0720,13.9300,-5.0100,11.7000,-17.6000,0.0800
1931-07,-1.0893,0.1987,-0.5991,1.8432,-6.6300,1.4900,-2.2000,8.4000,0.0600
1931-08,0.2064,-0.9566,-0.7868,-1.9894,0.4000,-2.0800,-1.7000,-3.1200,0.0300
1931-09,-21.5235,-0.5756,-6.3179,37.4730,-28.7400,-1.0200,-7.2400,9.2900,0.0300
1931-10,1.1813,-0.0236,0.4008,2.7445,7.9900,-0.2800,3.1200,2.9700,0.1000
1931-11,-0.7521,0.3117,-1.1467,2.6474,-9.1400,4.4000,-5.1900,7.9400,0.1700
1931-12,-4.1440,-0.2135,-4.5011,6.4029,-13.5200,-0.8700,-9.1900,12.9500,0.1200
1932-01,-0.2529,0.3308,1.2927,-2.1102,-1.5700,4.4100,9.7400,-9.9400,0.2300
1932-02,1.1143,-0.2983,-0.3281,0.2758,5.4500,-2.5100,-1.4700,1.4900,0.2300
1932-03,-1.5242,0.1749,-1.3469,4.7292,-11.3000,2.1300,-2.2000,10.0400,0.1600
1932-04,-5.2623,0.1610,1.5462,5.9493,-17.9400,0.9300,2.0700,7.6300,0.1100
1932-05,-4.3006,0.5235,-1.4428,4.9619,-20.5100,4.2100,-4.0800,12.5400,0.0600
1932-06,-0.1378,0.0367,3.0452,0.7233,-0.7700,0.4000,5.8500,1.9200,0.0200
1932-07,4.2523,-0.2924,8.6509,-6.0284,33.6100,-4.2900,35.5200,-45.7400,0.0200
1932-08,6.7179,1.6662,4.3742,-11.5313,37.1200,13.4600,34.2000,-52.6100,0.0300
1932-09,-0.2864,-0.1509,-0.8342,0.3461,-2.9400,-2.1500,-7.3700,2.4600,0.0300
1932-10,-1.0956,-0.2710,-1.4125,1.5714,-13.1500,-2.5900,-10.4700,4.6200,0.0200
1932-11,-0.5963,0.2308,-1.6346,-0.3446,-5.8800,1.8300,-13.1900,-0.9600,0.0200
1932-12,0.6916,-1.2422,-1.7013,3.1089,4.4200,-8.3000,-7.5400,4.6400,0.0100
1933-01,0.4697,0.1016,0.8493,-2.0308,1.2400,0.7300,6.4600,-2.4400,0.0100
1933-02,-9.7438,-0.5689,-0.8022,3.5646,-15.2900,-2.6300,-2.9200,4.6500,-0.0300
1933-03,0.7958,0.7914,3.5820,3.0446,3.0600,3.6000,7.0900,4.2400,0.0400
1933-04,3.4385,0.7405,1.8912,-11.2182,38.8100,3.0200,20.1000,-17.4000,0.1000
1933-05,2.4564,6.3353,1.7097,-1.8126,21.4300,35.9600,18.6600,-5.5400,0.0400
1933-06,3.2752,1.5759,-0.2236,1.5980,13.1000,8.6500,-1.6400,4.1800,0.0200
1933-07,-1.4754,-0.2013,0.4166,-0.2775,-9.6400,-1.0600,3.3000,-0.3500,0.0200
1933-08,1.0899,-1.0199,0.3122,3.2936,12.0400,-5.1600,3.0500,7.5400,0.0300
1933-09,-2.9209,-0.2299,-4.6365,1.0844,-10.6500,-0.5800,-11.7100,1.6100,0.0200
1933-10,-1.9922,-0.0175,-1.5161,-1.1206,-8.3600,-0.0700,-8.4900,-2.2100,0.0100
1933-11,1.2849,-0.8744,0.1837,1.7848,9.9700,-6.3700,2.2700,6.4800,0.0200
1933-12,0.6553,0.1048,-0.6488,3.7957,1.8200,0.3600,-1.9900,4.0100,0.0200
1934-01,6.8642,8.4792,4.8754,-2.0105,12.6000,13.2100,16.2000,-3.3900,0.0500
1934-02,-1.1997,3.0657,0.4560,0.1043,-2.5100,5.0500,1.8600,0.0900,0.0200
1934-03,0.0534,2.1740,-0.8000,-0.5694,0.0900,2.4500,-2.5900,-0.6700,0.0200
1934-04,-0.9681,4.2950,-2.4357,-7.3788,-1.7900,2.7300,-3.8300,-4.8100,0.0100
1934-05,-10.4356,-0.5299,-6.4066,-12.0175,-7.2600,-0.3100,-5.9000,-2.3900,0.0100
1934-06,1.2037,-1.4456,-0.7477,-2.9547,2.7100,-2.1800,-2.8500,-0.7900,0.0100
1934-07,-5.5681,-4.9379,-4.9674,11.4215,-10.9400,-7.1200,-10.7600,8.8000,0.0100
1934-08,1.7139,1.5470,0.0545,2.7227,5.5800,5.5500,0.1700,2.5600,0.0100
1934-09,-0.1268,-0.7166,-0.7241,-0.0719,-0.2400,-1.5000,-1.2100,-0.0600,0.0100
1934-10,-1.2563,0.7143,-5.8296,9.9085,-1.6600,1.2300,-5.0000,6.8800,0.0100
1934-11,7.7700,4.7142,-1.0932,2.8948,8.3300,6.6000,-2.1400,3.7700,0.0100
1934-12,0.6943,2.4386,-2.4141,4.7104,0.3600,3.2800,-3.1600,4.5300,0.0100
1935-01,-4.5142,1.3576,-2.4325,1.3450,-3.4600,0.9600,-1.7700,3.1000,0.0100
1935-02,-2.8590,0.5564,-8.9087,17.1613,-1.9600,0.3200,-7.4800,14.4600,0.0200
1935-03,-4.6611,-2.4322,-2.1593,1.0531,-3.7100,-3.4300,-5.0300,2.3700,0.0100
1935-04,9.0185,-0.9586,2.1872,-2.0317,9.0600,-1.5800,4.3700,-4.7500,0.0100
1935-05,4.0848,-1.9215,1.2275,-1.5041,3.4600,-3.2000,2.4500,-3.5900,0.0100
1935-06,6.9854,-3.3067,-1.5991,2.8265,5.9300,-2.5300,-1.5200,2.6700,0.0100
1935-07,9.6719,2.8092,9.8858,-9.7622,7.5400,2.0200,6.5800,-4.7800,0.0100
1935-08,6.2225,15.0497,3.5590,-12.8134,2.6500,6.0100,6.2900,-6.4600,0.0100
1935-09,3.0897,1.2248,-0.9983,5.1797,2.6200,1.5500,-4.1200,8.3100,0.0100
1935-10,11.6762,9.0721,-2.1373,6.1588,7.0300,2.6700,-2.3300,1.8200,0.0100
1935-11,5.4196,6.9425,7.5613,-18.4296,4.8700,4.6500,12.2000,-7.0400,0.0200
1935-12,5.5035,0.1467,0.3919,7.5764,4.5500,0.0900,0.8300,3.7000,0.0100
1936-01,10.1146,13.5730,8.7105,-7.2705,6.8900,5.6000,10.9500,-2.9400,0.0100
1936-02,4.8356,0.8289,2.0866,4.4992,2.4900,0.8400,4.3300,2.5300,0.0100
1936-03,1.7260,1.4126,-1.1907,3.2588,0.9600,0.6900,-1.5900,1.6300,0.0200
1936-04,-6.4310,-9.6329,-2.5590,-5.0741,-8.1400,-5.9900,-2.2800,-7.6700,0.0200
1936-05,3.2445,0.9100,1.2046,1.2906,5.1900,0.8900,2.5500,2.5000,0.0200
1936-06,2.9138,-10.5961,-1.2630,0.6342,2.4000,-3.2200,-1.1900,0.5600,0.0300
1936-07,18.3442,3.1875,5.3122,12.2773,6.6800,1.0700,2.5300,2.4900,0.0100
1936-08,2.5491,1.8005,12.0218,3.6583,0.9900,0.6100,3.7900,0.6000,0.0200
1936-09,1.6151,15.1501,1.2727,3.2358,0.9700,3.1200,0.9400,1.4100,0.0100
1936-10,23.5008,-9.7935,10.3797,6.4333,7.1000,-2.3500,2.5100,0.6800,0.0200
1936-11,5.8042,26.2312,-3.4881,12.1400,3.2600,8.7000,-1.2500,2.0400,0.0100
1936-12,0.2486,6.5817,5.1843,11.5091,0.2000,3.8700,4.1400,2.1300,0.0000
1937-01,7.2917,7.9440,6.7273,-9.8303,3.3500,4.4900,2.7800,-1.9900,0.0100
1937-02,2.6776,1.9711,9.3598,28.7262,1.0800,0.6400,4.2800,2.7800,0.0200
1937-03,-0.8087,-3.9682,11.2829,15.6619,-0.2600,-1.2500,7.0400,3.3100,0.0100
1937-04,-9.7948,-7.2037,-1.7839,-4.1898,-7.3600,-3.7200,-3.4600,-3.5400,0.0300
1937-05,-0.4995,-0.8543,-3.7778,0.3428,-0.8300,-0.6900,-3.4600,0.5700,0.0600
1937-06,-4.8100,-6.3357,-5.0561,1.2952,-4.2300,-3.9100,-3.1200,0.7800,0.0300
1937-07,10.8952,1.6041,2.4236,-1.2157,8.9100,0.8800,0.8100,-0.4500,0.0300
1937-08,-7.1387,0.8859,-5.1239,-7.6741,-4.8800,0.4500,-2.2500,-1.8600,0.0200
1937-09,-28.6374,-22.7508,-13.4745,-60.8083,-13.6200,-7.0000,-4.5500,-6.8100,0.0400
1937-10,-1.9879,0.1029,-1.1705,-1.6230,-9.5900,0.4500,-1.5200,-1.4600,0.0200
1937-11,-0.8593,-0.1943,0.0693,-0.2024,-8.3300,-3.5600,0.2200,-1.3100,0.0200
1937-12,-0.7606,-3.5859,-0.4889,0.7731,-4.2900,-7.9200,-0.4700,4.8500,0.0000
1938-01,0.2653,2.3611,-3.0950,-0.8571,0.4800,4.8400,-1.5300,-1.7400,0.0000
1938-02,2.4524,0.1688,-5.3615,-0.6318,5.8500,0.4100,-1.9700,-2.8400,0.0000
1938-03,-12.0244,-3.7746,-12.3915,8.6960,-23.9100,-4.3000,-3.6300,15.7800,-0.0100
1938-04,3.4520,4.5471,0.6720,-2.8839,14.4800,6.4000,0.4500,-9.8500,0.0100
1938-05,-0.7874,-1.5618,-0.4774,1.6175,-3.8600,-2.4700,-0.2400,6.9800,0.0000
1938-06,14.8837,2.6362,0.6233,-10.7378,23.8900,4.2200,0.3700,-24.8700,0.0000
1938-07,2.2982,3.8107,3.5693,-1.3301,7.3300,6.6900,2.2800,-6.7700,-0.0100
1938-08,-1.5067,-1.5403,-4.6946,1.5146,-2.6800,-2.4800,-4.7800,3.4900,0.0000
1938-09,0.5644,-3.7443,-2.2018,7.2195,0.8300,-2.6800,-1.7000,2.4500,0.0200
1938-10,1.6590,1.5145,2.0440,-10.2150,7.8000,5.8100,5.0400,-7.5300,0.0100
1938-11,-1.7377,-3.3301,-1.0731,5.1872,-1.7400,-2.5500,-1.2000,3.3200,-0.0600
1938-12,3.8446,-2.9715,0.5236,6.0650,4.1600,-1.8100,0.5400,2.3300,0.0000
1939-01,-9.4441,-2.0966,-3.0591,-4.2851,-5.9700,-1.5400,-3.9200,-2.9600,-0.0100
1939-02,1.8944,0.4948,1.7419,1.9992,3.5100,0.6100,2.9200,3.0800,0.0100
1939-03,-16.2166,-14.0090,-12.4998,-5.0399,-12.0300,-4.7500,-8.2700,-1.8600,-0.0100
1939-04,-0.0728,0.9198,-0.1765,1.5171,-0.1800,1.6700,-0.3000,2.7300,0.0000
1939-05,2.7794,2.2006,0.2284,1.4875,6.8100,2.8000,0.4700,3.4700,0.0100
1939-06,-6.5012,-2.9159,-8.9093,5.4556,-5.3300,-1.0900,-5.2800,2.2500,0.0100
1939-07,12.6621,12.2306,0.2541,-1.6688,10.2200,4.1800,0.1300,-0.6900,0.0000
1939-08,-6.5540,-5.5739,-7.3221,7.9686,-6.6800,-4.5900,-2.4700,5.9600,-0.0100
1939-09,9.2307,16.0605,62.2649,-49.4276,16.8900,20.5700,21.7600,-31.4500,0.0100
1939-10,-0.1213,-0.0074,-0.6425,0.3274,-0.5300,-0.0800,-4.7900,6.5500,0.0000
1939-11,-7.5453,-4.9516,-10.5107,-1.6530,-3.6500,-5.1200,-6.3000,-0.3900,0.0000
1939-12,9.7574,0.9526,-12.5704,43.1966,2.9300,0.9200,-4.1900,5.4200,0.0000
1940-01,-8.7829,0.4197,-1.3181,4.5464,-2.4100,0.2300,-0.7700,1.7400,0.0000
1940-02,3.7541,4.7662,-0.8200,4.1765,1.4400,2.5200,-0.3600,1.6700,0.0000
1940-03,19.2936,3.2040,-6.8677,-8.0441,2.0500,1.2400,-1.2700,-0.5400,0.0000
1940-04,1.1470,5.6445,-1.9586,15.8725,0.2200,3.9900,-0.2200,3.3500,0.0000
1940-05,-80.0523,-10.4716,-9.6968,10.4385,-22.0000,-6.6200,-3.7200,2.7700,-0.0200
1940-06,1.0578,-0.2416,2.3004,-1.4562,6.6900,-2.3200,4.8800,-2.4600,0.0000
1940-07,1.2506,0.7560,-0.6808,1.2754,3.1700,0.9900,-0.7500,0.9300,0.0100
1940-08,7.8944,-0.8490,2.4669,-4.0838,2.2100,-0.1800,0.5500,-1.8000,-0.0100
1940-09,2.8654,14.6018,-4.0270,-0.0721,2.3900,3.2000,-1.1400,-0.0600,0.0000
1940-10,3.8371,0.7549,6.8796,-3.2555,3.0300,0.3300,4.6500,-5.7600,0.0000
1940-11,-4.8808,4.2689,0.4398,2.1448,-1.6500,1.9800,0.1600,1.3100,0.0000
1940-12,0.4709,-4.5172,-0.5782,2.6940,0.6900,-2.1200,-0.8900,3.5400,0.0000
1941-01,-33.7794,4.1570,14.1922,-23.2508,-4.1800,0.9800,3.8300,-4.4000,-0.0100
1941-02,-3.6578,-2.8438,1.1336,4.3967,-1.4300,-1.5600,0.8900,1.0400,-0.0100
1941-03,1.2221,0.2185,6.2801,20.3301,0.8400,0.0900,3.0500,2.4700,0.0100
1941-04,-18.9760,-4.4567,9.4064,24.9877,-5.4600,-1.6700,3.4100,3.0500,-0.0100
1941-05,2.9498,-2.4185,0.6436,13.7220,1.3700,-0.6400,0.6100,2.5200,0.0000
1941-06,18.3928,3.1690,0.9123,-6.4197,5.8300,1.3100,0.6100,-0.7700,0.0000
1941-07,19.0899,30.9268,64.1794,-12.1853,5.8700,5.7400,7.2400,-1.5600,0.0300
1941-08,-0.5428,-0.8812,-1.4309,0.9555,-0.1700,-0.4300,-1.1000,0.1800,0.0100
1941-09,-9.0061,-4.3045,-0.7498,-12.9542,-0.8800,-0.9800,-0.2700,-1.5900,0.0100
1941-10,-20.9991,-6.2251,4.5451,43.4191,-5.2600,-2.0700,1.6300,4.9000,0.0000
1941-11,-5.3726,-4.1936,-1.2876,14.8472,-1.9500,-1.0800,-0.6000,4.4100,0.0000
1941-12,-19.2228,-14.0427,-17.9116,2.1710,-4.8800,-2.8600,-5.9400,0.4000,0.0100
1942-01,0.3887,4.2091,4.0225,-7.9978,0.7900,7.4500,10.1000,-3.8200,0.0200
1942-02,-4.2258,1.8358,-0.8964,-0.8693,-2.4600,1.7400,-1.1500,-0.7200,0.0100
1942-03,-20.6673,9.3299,-1.8210,-3.9441,-6.6000,1.8700,-0.6100,-0.2600,0.0100
1942-04,-5.6559,-1.0099,5.5620,-14.4534,-4.3700,-0.4400,2.0900,-0.8300,0.0100
1942-05,8.3052,-9.5799,-5.0192,-22.5475,5.9600,-3.2000,-2.6700,-4.7800,0.0300
1942-06,6.8966,-2.7288,1.4927,-6.8874,2.6800,-1.2800,0.4300,-1.3600,0.0200
1942-07,9.5421,-0.5220,10.5661,3.9410,3.5100,-0.1500,2.4100,0.7900,0.0300
1942-08,3.7425,-0.0848,8.1044,0.1053,1.8000,-0.0400,1.3300,0.0200,0.0300
1942-09,18.7478,3.6171,7.5840,-10.1396,2.6200,0.6300,2.3900,-0.8900,0.0300
1942-10,59.4106,15.5073,25.0343,-86.5264,6.8200,1.6900,6.4700,-4.3100,0.0300
1942-11,0.3291,-6.3272,-7.1484,-16.6121,0.1300,-1.4200,-4.2300,-1.0700,0.0300
1942-12,22.6274,-15.6962,2.3145,37.1028,5.1400,-2.5500,0.5500,3.1800,0.0300
1943-01,30.1545,44.6483,9.0188,-1.9224,7.1300,8.7700,8.2300,-0.3000,0.0300
1943-02,24.3664,10.0749,9.5119,-6.2598,6.1600,4.8400,6.5200,-1.6300,0.0300
1943-03,23.2058,10.4527,6.8510,31.4858,6.0300,5.1300,5.4900,4.7200,0.0300
1943-04,1.8917,4.6275,4.5129,13.7911,0.8100,2.0900,5.8600,5.8600,0.0300
1943-05,7.7279,6.2642,1.3362,3.4444,5.7500,4.4600,3.2800,5.9000,0.0200
1943-06,5.2381,-1.3430,-0.6750,-1.1619,1.8200,-0.9800,-0.7500,-1.3200,0.0300
1943-07,-16.0975,-8.0562,-3.2379,-5.2986,-4.7800,-2.3100,-2.2300,-4.5100,0.0300
1943-08,1.8092,-1.6139,-0.2960,0.8740,1.3000,-0.6400,-0.4700,0.9000,0.0300
1943-09,5.1646,4.8290,2.0202,2.8810,2.4000,1.3000,1.4200,1.7300,0.0300
1943-10,-6.9074,3.0629,3.0830,-1.5941,-1.1500,0.6000,1.6800,-0.6900,0.0300
1943-11,-28.1417,-11.3321,-8.1045,-12.7366,-5.9300,-1.5700,-3.9900,-4.4700,0.0300
1943-12,9.5613,6.5447,1.4907,3.5052,6.3700,3.1000,2.9000,5.9400,0.0300
1944-01,5.8852,12.5466,3.4748,5.4134,1.7400,2.6100,2.2900,0.7500,0.0300
1944-02,2.1619,-0.4402,2.1568,5.7739,0.3700,-0.0800,0.8500,0.3400,0.0300
1944-03,21.0614,15.1109,5.4700,38.7849,2.4600,1.6500,3.3500,2.6100,0.0200
1944-04,-8.5609,-6.6764,-1.7626,5.8572,-1.6900,-1.3100,-1.0600,0.5100,0.0300
1944-05,24.8716,11.2480,1.5084,45.3112,5.0800,1.6800,1.0300,1.9000,0.0300
1944-06,51.0415,57.3349,6.3171,-160.2531,5.5100,4.1100,1.8900,-5.5200,0.0300
1944-07,-7.4011,3.5525,-1.1456,2.0453,-1.4900,0.5800,-0.4200,0.1400,0.0300
1944-08,5.6122,4.9982,-2.7803,22.6585,1.5600,2.3700,-1.4400,4.7500,0.0300
1944-09,0.1311,2.4941,-3.2766,-6.3872,0.0200,0.4800,-1.2000,-1.3100,0.0200
1944-10,0.4793,-0.6957,-0.7302,-2.8474,0.1600,-0.1600,-0.3600,-1.3200,0.0300
1944-11,10.1675,3.3243,16.6903,7.0838,1.7100,0.3500,2.3800,1.3600,0.0300
1944-12,34.5959,21.6399,32.6484,17.4045,4.0400,2.2300,5.8700,3.3100,0.0200
1945-01,8.3246,21.0969,1.1978,0.2749,2.0100,2.4500,0.6800,0.0300,0.0300
1945-02,24.5922,12.4532,6.0993,23.8004,6.2300,1.6200,4.4300,3.2000,0.0200
1945-03,-21.5322,-13.7885,-4.8568,-24.6729,-3.9100,-1.6600,-1.5700,-3.0700,0.0200
1945-04,13.6506,1.2219,4.2400,7.7786,7.8000,0.4800,3.1100,4.7100,0.0300
1945-05,5.3582,16.9790,0.9800,0.5361,1.7400,1.5300,0.3400,0.1500,0.0300
1945-06,1.6371,20.2912,16.4238,28.7444,0.3900,3.1400,4.2700,4.1400,0.0200
1945-07,-9.0490,-6.0793,-4.9234,-10.6544,-2.1700,-1.4500,-2.7300,-2.6800,0.0300
1945-08,12.3146,10.5341,-9.7355,-1.2689,6.2200,1.6000,-4.4000,-1.3000,0.0300
1945-09,7.9743,14.3905,0.8134,1.3417,4.7700,1.7400,0.4600,1.3700,0.0300
1945-10,10.9105,21.4294,17.6755,0.6383,3.8900,2.3600,2.1400,0.1700,0.0300
1945-11,18.4701,34.3613,18.3625,14.9928,5.4000,4.1800,4.3500,4.3100,0.0200
1945-12,2.7795,14.4326,-7.8704,6.4123,1.1900,2.1600,-2.4000,1.2300,0.0300
1946-01,11.7445,10.9839,8.4561,8.3735,6.2400,3.9800,2.2800,3.7700,0.0300
1946-02,-7.7708,-1.8577,-5.5343,-3.9224,-5.8400,-0.6800,-1.2700,-1.4300,0.0300
1946-03,3.0898,0.5652,-1.1316,2.3551,5.8800,0.3000,-0.3700,2.7000,0.0300
1946-04,8.3285,9.0379,4.6203,8.8945,4.2300,2.3700,0.4600,3.0400,0.0300
1946-05,13.8046,10.5256,11.1202,-4.2112,3.9400,1.4800,1.1000,-0.5300,0.0300
1946-06,-10.8794,-8.1826,-2.5683,-12.2239,-3.8900,-1.5500,-0.5300,-2.5100,0.0300
1946-07,-5.5175,-11.9298,0.4262,1.2445,-2.6900,-1.9100,0.0500,0.2200,0.0300
1946-08,-10.7745,-6.3246,5.6367,-0.1941,-6.4600,-1.8000,0.6000,-0.0500,0.0300
1946-09,-14.3664,-11.6898,-27.5141,7.0252,-10.1800,-4.4300,-1.9700,0.7000,0.0300
1946-10,-0.2754,0.1178,11.9383,3.5196,-1.4400,0.1700,3.4500,0.9100,0.0300
1946-11,-0.0107,-0.6450,6.1977,0.4143,-0.0200,-0.3700,1.5300,0.2800,0.0300
1946-12,4.3074,0.0000,-5.4629,0.0793,4.9700,0.0000,-1.4100,0.0900,0.0300
1947-01,1.5569,6.3858,-10.0595,-5.9084,1.2500,2.2000,-0.7400,-6.3200,0.0300
1947-02,-1.8584,1.5101,1.6339,-0.6887,-1.0900,0.7000,0.1400,-0.5000,0.0300
1947-03,-4.5314,-8.3258,2.9462,6.4325,-1.6800,-1.6000,0.6100,4.1000,0.0300
1947-04,-6.7015,-20.9236,20.6900,13.9004,-4.8000,-3.9700,0.8500,5.4100,0.0300
1947-05,-1.3570,-6.4867,3.1503,5.0525,-0.9600,-3.2700,0.3200,3.3700,0.0300
1947-06,7.3684,-0.6567,-3.8916,-2.0267,5.3000,-0.3300,-0.6400,-1.8400,0.0300
1947-07,7.8222,6.6183,26.4418,-3.6349,4.1300,1.4700,2.7600,-3.3800,0.0300
1947-08,-3.1450,1.0178,0.4005,5.1714,-1.7400,0.3300,0.1400,3.4000,0.0300
1947-09,-2.0372,17.8620,6.7040,1.8745,-0.5400,1.6200,1.3600,0.1000,0.0600
1947-10,6.4336,4.5023,0.3006,36.2561,2.4700,0.5200,0.1100,1.5600,0.0600
1947-11,-6.9779,-6.1131,4.4730,38.5204,-1.9900,-1.6900,1.0700,4.2600,0.0600
1947-12,27.3324,-17.7636,35.3772,44.4628,3.0100,-2.4700,3.7400,3.6400,0.0800
1948-01,-13.5873,16.8221,5.2113,-21.9360,-3.9300,2.5200,1.3800,-4.1900,0.0700
1948-02,-13.0106,-10.4241,0.1298,3.6843,-4.3800,-1.7000,0.0500,1.4100,0.0700
1948-03,14.2206,0.6262,19.0833,-3.5951,8.1100,0.1200,4.5200,-0.2500,0.0900
1948-04,6.0472,-7.9136,7.5894,31.5148,3.6500,-1.6400,4.1200,4.1600,0.0800
1948-05,49.0743,5.0779,-2.5377,11.8416,7.3200,0.8700,-1.2700,2.3300,0.0800
1948-06,-0.3092,-6.6702,6.7975,17.2557,-0.1100,-1.7800,2.8400,3.9700,0.0900
1948-07,-20.1408,-1.7626,0.2620,-6.0923,-5.0800,-0.3800,0.1100,-1.6000,0.0800
1948-08,0.2985,-7.7463,0.9681,0.3441,0.2400,-1.1300,0.2900,0.2000,0.0900
1948-09,-11.8232,-6.2842,-9.2793,-7.5913,-2.9900,-1.2700,-1.7700,-1.3600,0.0400
1948-10,8.5927,-8.5663,1.2209,11.2560,5.9600,-1.4800,0.5800,2.7300,0.0400
1948-11,-40.4356,-7.4312,-19.6623,5.6359,-9.3400,-0.6100,-4.1500,0.5800,0.0400
1948-12,1.7503,-16.9188,-2.4076,11.6409,3.2600,-2.8500,-1.9500,4.6600,0.0400
1949-01,0.8819,11.6228,4.3933,-34.9913,0.2300,1.7100,1.2500,-2.9200,0.1000
1949-02,-7.7711,-10.9351,-5.5727,-1.5225,-2.9300,-1.8700,-0.8900,-0.4300,0.0900
1949-03,11.2459,23.8261,6.2644,-14.4696,4.0500,2.4800,1.3100,-0.7900,0.1000
1949-04,-5.9076,-3.1697,-3.4069,8.3104,-1.8700,-0.9200,-1.1200,3.1300,0.0900
1949-05,-21.7592,-10.6800,-18.0572,18.6885,-2.9800,-0.7800,-2.3900,3.0600,0.1000
1949-06,0.3836,-7.4938,-6.4051,-4.8738,0.1000,-0.8600,-1.6500,-1.2900,0.1000
1949-07,11.8101,4.1657,0.9325,-4.0074,5.5400,0.5500,0.3900,-1.4700,0.0900
1949-08,17.2589,3.8535,-3.0741,8.5692,2.5900,0.1400,-0.5900,1.5800,0.0900
1949-09,11.6560,6.6443,1.3001,-8.1889,3.0900,1.0500,0.2300,-1.4000,0.0900
1949-10,6.5459,9.1732,-1.3369,0.0549,3.1400,1.0300,-0.4900,0.0200,0.0900
1949-11,9.3117,-8.1140,-5.7287,8.8163,1.8100,-0.9400,-0.9000,1.2500,0.0800
1949-12,27.0412,16.7654,11.2591,-13.6420,5.1400,2.0800,1.7300,-0.8200,0.0900
1950-01,10.8078,26.7606,0.5917,-14.3129,1.7000,3.3400,0.1500,-2.3600,0.0900
1950-02,5.2290,0.0542,-1.5727,8.5403,1.4800,0.0200,-0.7900,1.3700,0.0900
1950-03,12.1000,-16.9853,-15.0655,31.4745,1.2600,-1.4300,-2.7800,1.4700,0.1000
1950-04,19.7389,13.8354,4.8881,4.2333,3.9400,2.0000,1.3300,0.2600,0.0900
1950-05,20.9520,-15.2664,1.6019,5.6556,4.3200,-2.1300,0.4700,0.3600,0.1000
1950-06,-42.4373,-20.9524,-4.0066,-13.1220,-5.9600,-2.4100,-0.7900,-1.5900,0.1000
1950-07,0.7660,0.9397,36.7582,-0.5720,1.3700,0.5400,13.6900,-0.5100,0.1000
1950-08,4.7207,2.7027,-0.8387,5.1946,4.8600,0.7400,-1.3700,3.2400,0.1000
1950-09,20.3911,5.6667,-3.7409,-1.9297,4.8200,0.5900,-1.1000,-0.1800,0.1000
1950-10,-0.5792,-6.9707,3.3997,10.0968,-0.1900,-0.6600,1.3600,1.5100,0.1200
1950-11,6.4068,-6.4871,7.0303,10.6050,2.7400,-0.8900,3.1900,3.5200,0.1100
1950-12,6.9234,14.9376,14.0266,13.2911,5.5700,1.5300,7.2700,4.9400,0.1100
1951-01,6.9830,8.9075,3.4073,4.4773,5.7000,1.6700,3.7900,2.3200,0.1300
1951-02,2.9190,0.7696,-3.9531,-7.6027,1.4000,0.1400,-2.7900,-1.9500,0.1000
1951-03,-13.1640,-10.8035,-21.5560,-18.7050,-2.1600,-0.6600,-4.2600,-2.9300,0.1100
1951-04,11.9536,-13.3315,7.3907,15.3837,4.8600,-1.4800,3.2600,5.9800,0.1300
1951-05,-8.4386,-1.0936,-3.3060,-3.4492,-2.3600,-0.0800,-1.4200,-0.9600,0.1200
1951-06,-7.5854,-17.3965,-11.6064,-9.5036,-2.6300,-1.9600,-3.9800,-2.4500,0.1200
1951-07,21.0622,-18.3726,3.9415,22.9770,6.9500,-2.0500,2.0000,7.1800,0.1300
1951-08,14.3338,4.4830,-0.9530,2.4951,4.2900,0.9500,-0.1700,0.6600,0.1300
1951-09,4.3694,31.4628,3.4575,8.6099,0.7000,1.8600,0.6200,0.5900,0.1200
1951-10,-23.3175,-2.6746,2.1063,-4.6873,-2.5300,-0.2300,0.1800,-0.2100,0.1600
1951-11,1.1501,-2.1409,-0.4324,1.2001,0.5800,-0.3300,-0.0800,0.4700,0.1100
1951-12,12.5189,-31.8340,-20.9488,15.8877,3.3300,-2.2400,-1.5500,1.7500,0.1200
1952-01,13.3202,-6.8870,12.7649,37.4095,1.4500,-0.6500,1.4800,1.3700,0.1500
1952-02,-21.1992,6.7802,-6.5447,-5.8206,-2.6400,0.8500,-0.6200,-0.6800,0.1200
1952-03,16.1187,-32.8601,25.8175,15.1214,4.4400,-2.9700,2.2300,1.6500,0.1100
1952-04,-34.3109,3.0001,-0.2061,-40.7328,-4.9700,0.4900,-0.0300,-2.0100,0.1200
1952-05,13.4027,-8.2265,0.1372,6.3470,3.2000,-1.0000,0.0200,0.5600,0.1300
1952-06,24.8222,-19.6452,14.6076,55.9514,3.8400,-1.6300,1.2400,1.4900,0.1500
1952-07,13.2011,-8.1778,-2.9179,-36.8100,0.9100,-0.4100,-0.3200,-0.5500,0.1500
1952-08,-10.1301,17.3041,1.2070,13.3173,-0.7700,1.1500,0.0900,0.3400,0.1500
1952-09,-26.6341,32.4778,-40.0949,93.8365,-2.0400,1.0900,-1.4200,1.7300,0.1600
1952-10,-5.2036,-15.9157,-8.8405,70.0515,-0.6600,-1.0300,-0.5500,2.7300,0.1400
1952-11,22.4115,-8.8298,20.3509,6.4241,5.9600,-0.7200,1.0200,0.3600,0.1000
1952-12,18.2257,-18.9534,2.0340,21.2856,2.9300,-1.5100,0.1900,1.5400,0.1600
1953-01,-6.2987,32.9886,14.0749,17.4219,-0.3400,3.5400,1.2800,0.7400,0.1600
1953-02,-2.5873,17.0405,-0.6706,10.5404,-0.2700,2.2200,-0.0500,0.8000,0.1400
1953-03,-14.1186,-3.3235,-8.7314,3.6178,-1.4400,-0.2100,-0.8400,0.1400,0.1800
1953-04,-12.8431,4.3675,18.1310,32.8156,-2.8300,0.2600,1.5500,1.8400,0.1600
1953-05,1.5209,-0.4949,2.1117,12.6360,0.5100,-0.0500,0.2500,0.9100,0.1700
1953-06,-13.2794,-41.3248,-5.8347,0.0000,-1.8900,-1.8900,-0.5000,0.0000,0.1800
1953-07,6.5106,-8.2101,-3.3810,-7.5015,2.4000,-1.0400,-0.2500,-0.3700,0.1500
1953-08,-28.8606,5.2939,-49.2875,136.1887,-4.5600,0.3700,-3.5200,2.1200,0.1700
1953-09,0.9491,-13.3884,-19.1222,86.7178,0.2100,-0.8500,-2.4400,2.9000,0.1600
1953-10,12.0705,-3.9506,-0.8474,3.9399,4.6000,-1.3600,-0.1900,0.2500,0.1300
1953-11,16.6043,-22.0804,-1.3069,24.2305,2.8400,-1.3000,-0.1500,1.9600,0.0800
1953-12,0.1922,-8.4626,-44.5478,72.3219,0.0200,-0.8500,-2.8300,5.2100,0.1300
1954-01,41.4328,6.8368,28.7379,-35.7886,5.1300,0.5000,3.4500,-5.8400,0.1100
1954-02,10.4987,-1.6412,-1.1233,2.4905,1.6700,-0.1800,-0.2700,1.0400,0.0700
1954-03,32.5336,-10.3621,-43.4159,56.4805,3.6600,-0.5000,-1.4500,2.1300,0.0800
1954-04,34.8782,-59.4459,-4.2062,88.2445,4.2700,-3.4700,-0.3700,5.0800,0.0900
1954-05,16.3956,2.7717,17.2568,-13.9684,3.1000,0.3900,2.4500,-2.0200,0.0500
1954-06,12.4970,7.6069,0.2065,104.6836,1.0800,0.3800,0.0200,3.5500,0.0600
1954-07,18.9034,5.9586,31.3221,2.9464,5.0000,1.0500,4.1400,0.4300,0.0500
1954-08,-15.3685,20.2213,-6.4421,-12.3793,-2.3500,2.6800,-1.4200,-0.6700,0.0500
1954-09,22.0731,-14.5344,3.1150,13.8378,6.4000,-2.5600,0.6800,1.6600,0.0900
1954-10,-10.3328,4.8136,3.1497,8.8324,-1.6700,0.6100,0.6400,0.9200,0.0700
1954-11,67.4684,-33.8835,30.9184,37.4353,9.4100,-2.6500,4.4500,1.8700,0.0600
1954-12,15.0829,12.7023,24.6784,-12.7128,5.4900,2.1800,5.6800,-1.4000,0.0800
1955-01,2.3916,1.4672,7.3517,21.5926,0.6000,0.2400,2.1000,1.4700,0.0800
1955-02,4.8224,5.3911,1.0286,4.0900,3.0200,1.5500,0.6100,1.0400,0.0900
1955-03,-0.9189,-3.4969,7.2417,6.8585,-0.1500,-0.6500,1.9300,0.9600,0.1000
1955-04,3.7722,-9.5177,1.6842,-0.0220,3.1100,-1.7500,0.7500,-0.0100,0.1000
1955-05,6.4703,-1.9670,-4.3996,6.2857,0.9400,-0.2500,-0.9600,0.6100,0.1400
1955-06,29.1380,-50.2328,7.2089,16.3927,6.5500,-4.6100,1.8500,4.7200,0.1000
1955-07,12.5982,-5.0727,1.3868,-9.2583,1.8900,-1.2000,0.3900,-1.2200,0.1000
1955-08,0.8008,-1.8243,3.5200,6.5739,0.2200,-0.4600,0.7500,1.7600,0.1600
1955-09,-1.4313,3.6502,-17.6220,9.5419,-0.3700,0.3000,-1.0100,1.8300,0.1600
1955-10,-1.4743,10.9034,-0.7971,-0.8384,-2.6700,1.4600,-0.1100,-0.5200,0.1800
1955-11,10.9470,-20.4247,5.2252,7.9577,7.0400,-2.2000,0.3300,2.5700,0.1700
1955-12,4.4581,9.2122,-15.6278,-6.1603,1.4900,1.9800,-2.1100,-1.3000,0.1800
1956-01,-27.6200,4.1850,9.0863,-39.2162,-3.0300,0.5000,0.8200,-1.4800,0.2200
1956-02,10.3440,-7.4101,-8.5715,17.5931,3.7800,-0.9700,-0.4600,2.0100,0.1900
1956-03,21.1768,-18.8565,-4.9967,63.0960,6.6400,-2.1300,-0.4900,3.5200,0.1500
1956-04,1.2745,-0.2145,-2.0185,28.3569,0.2800,-0.0300,-0.1600,2.6700,0.1900
1956-05,-20.6784,8.4157,-11.7631,-12.8848,-5.2200,1.5000,-1.3200,-1.6000,0.2300
1956-06,6.2210,-12.2566,-7.9953,10.2429,3.4700,-1.5300,-1.1000,2.6700,0.2000
1956-07,15.4113,-12.2677,-1.6698,17.9377,4.8400,-1.6900,-0.0700,2.5300,0.2200
1956-08,-25.6744,27.5256,-17.9315,-9.0431,-3.1900,1.8900,-0.7300,-0.7100,0.1700
1956-09,-15.0972,19.8250,21.3438,-5.1371,-5.1400,1.6000,1.7500,-0.7600,0.1800
1956-10,2.1045,-0.9326,-0.4473,87.7039,0.5200,-0.1200,-0.0700,2.4000,0.2500
1956-11,0.7746,-1.7015,14.4069,16.3056,0.3500,-0.2100,1.7600,3.4200,0.2000
1956-12,6.6012,-0.0657,-19.9973,24.8599,3.1600,-0.0200,-2.1500,3.7900,0.2400
1957-01,-16.9064,16.0102,16.9175,-27.4871,-3.5700,3.3800,2.8300,-3.0600,0.2700
1957-02,-8.7791,-3.7234,-4.4899,2.1988,-2.0700,-0.7500,-0.6600,0.3600,0.2400
1957-03,6.0902,4.4741,-7.0286,-1.5208,2.1300,0.3300,-0.5300,-0.2700,0.2300
1957-04,38.6183,-16.0790,-36.4129,11.3779,4.2600,-1.5700,-1.4700,0.9800,0.2500
1957-05,35.5330,-15.1384,-22.2921,3.6396,3.4600,-1.0800,-2.0100,0.1700,0.2600
1957-06,-5.1170,6.7380,-0.2827,33.6685,-0.7500,0.5900,-0.0300,0.6900,0.2400
1957-07,3.4204,-8.9008,5.6922,-0.8942,0.6600,-0.8000,0.4800,-0.0300,0.3000
1957-08,-28.9210,0.5230,-3.4080,12.1433,-5.1200,0.0600,-0.4500,0.4600,0.2500
1957-09,-8.4585,0.3610,4.4862,7.1280,-5.9900,0.0600,0.9500,0.6000,0.2600
1957-10,-8.3870,-14.2004,-24.2916,30.8757,-4.3200,-2.4600,-1.8800,2.0200,0.2900
1957-11,1.3313,1.3579,-8.7351,5.2969,2.3100,0.4000,-2.9100,1.2900,0.2800
1957-12,-3.3125,-3.1921,-6.0465,16.1692,-3.9000,-0.9100,-1.7600,7.8100,0.2400
1958-01,10.9392,21.1457,17.2866,-16.0196,4.6500,4.2900,4.3400,-7.7200,0.2800
1958-02,-5.6372,2.7494,0.7023,4.5061,-1.5300,0.7500,0.2300,3.7200,0.1200
1958-03,14.2608,5.2906,-25.4490,-10.9770,3.2700,0.6900,-1.0300,-1.6500,0.0900
1958-04,18.1690,-6.6451,19.8679,6.6377,3.0900,-0.6900,1.6400,1.9000,0.0800
1958-05,9.4560,19.1340,-1.1641,-7.0461,2.3200,2.1600,-0.2000,-1.7400,0.1100
1958-06,21.3327,-1.3531,4.8871,-8.8414,2.9300,-0.1400,0.3100,-0.8900,0.0300
1958-07,30.1758,8.5269,37.2168,-31.0483,4.3900,0.4700,3.0700,-3.5600,0.0700
1958-08,8.8874,8.2508,2.1644,0.4212,1.9000,1.1500,0.3300,0.1400,0.0400
1958-09,23.9904,1.0153,17.4292,-8.1719,4.6600,0.0800,2.8000,-1.1300,0.1900
1958-10,15.8219,7.5552,-6.6552,28.7678,2.5300,1.0500,-1.1300,3.1300,0.1800
1958-11,12.0436,15.7331,-3.4164,13.9563,3.0100,2.0500,-1.1700,1.5300,0.1100
1958-12,9.6744,-14.2883,0.5473,-9.2804,5.1600,-2.0200,0.0600,-0.7100,0.2200
1959-01,3.0653,24.0859,29.5568,-3.5781,0.7100,3.0200,2.9200,-0.2900,0.2100
1959-02,4.7877,10.1632,5.1268,70.9680,0.9500,1.4800,1.1500,3.4000,0.1900
1959-03,1.0278,19.5255,-3.5084,3.3240,0.2800,1.4500,-0.3400,0.2200,0.2200
1959-04,21.7546,-5.2970,-11.0098,64.3708,3.6600,-0.6800,-1.2400,3.1600,0.2000
1959-05,11.4638,-11.6497,10.5257,13.6883,1.7300,-2.1000,1.8000,1.5000,0.2200
1959-06,-1.6339,4.3153,6.9974,27.0899,-0.2400,0.6700,1.3200,3.1400,0.2400
1959-07,9.9736,-4.3541,1.2841,-1.7747,3.1800,-0.3500,0.2700,-0.3500,0.2500
1959-08,-8.8048,-4.2031,6.4881,-3.6552,-1.3800,-0.7800,0.4400,-1.0000,0.1900
1959-09,-13.1975,-1.2449,7.3998,3.9702,-4.8100,-0.1500,0.5300,0.7800,0.3100
1959-10,2.1290,13.9088,-14.5867,14.8114,1.2800,1.5200,-2.1000,3.4300,0.3000
1959-11,7.6754,7.5064,-31.2252,12.1068,1.6000,1.2600,-3.2200,2.2900,0.2600
1959-12,15.7215,-4.2283,-0.0511,12.3787,2.4600,-0.6300,-0.0100,1.0300,0.3400
1960-01,-70.5242,14.3087,34.9814,-25.5401,-6.9800,2.1200,2.6500,-3.5100,0.3300
1960-02,3.7766,3.6500,-16.4640,39.6826,1.1600,0.6000,-1.9700,4.0000,0.2900
1960-03,-4.2979,-4.2904,-23.1821,14.7407,-1.6300,-0.5500,-2.7500,1.4100,0.3500
1960-04,-5.1682,1.5388,-17.1541,55.0146,-1.7100,0.2200,-2.1400,2.8400,0.1900
1960-05,14.9966,13.6274,-51.7009,62.4460,3.1200,1.2900,-3.7300,4.7900,0.2700
1960-06,13.5741,-1.6150,-0.9777,3.2493,2.0800,-0.2800,-0.2700,0.8900,0.2400
1960-07,-14.8831,-2.1780,11.2918,-2.6107,-2.3700,-0.5200,2.1000,-0.7000,0.1300
1960-08,8.5164,8.7370,-1.2701,35.9167,3.0000,0.6900,-0.1800,1.5100,0.1700
1960-09,-27.6714,-7.2608,21.2894,2.9109,-6.0000,-1.1200,1.6800,0.3800,0.1600
1960-10,-1.1358,-45.3630,20.0463,6.6212,-0.7100,-4.0900,2.8300,1.2600,0.2200
1960-11,12.4689,1.7875,-16.8192,74.6901,4.6900,0.3800,-2.3900,3.6400,0.1300
1960-12,20.4163,-9.1707,-4.7820,6.0473,4.7300,-1.5800,-0.7700,1.3600,0.1600
1961-01,41.5400,3.4730,28.8410,-20.3019,6.2000,0.6000,3.6500,-4.1200,0.1900
1961-02,14.8740,27.0493,-3.0027,2.1129,3.5700,3.8900,-0.5800,0.9900,0.1400
1961-03,15.6626,22.0980,-8.2434,28.8650,2.8900,3.2200,-0.8200,4.3200,0.2000
1961-04,2.2465,0.4568,11.6268,30.5657,0.2900,0.0700,2.1300,3.6200,0.1700
1961-05,6.5872,16.5252,4.4176,-6.6014,2.4000,1.9700,0.3800,-1.5700,0.1800
1961-06,-21.9384,-14.7412,-0.7361,1.5963,-3.0800,-2.4900,-0.0900,0.3000,0.2000
1961-07,15.0978,-12.7557,-0.9215,3.1896,2.8300,-1.9400,-0.0800,0.2200,0.1800
1961-08,12.2194,-19.1025,-3.5229,31.8027,2.5700,-1.7100,-0.3000,1.6400,0.1400
1961-09,-16.2371,-18.3527,-6.4354,12.3640,-2.1500,-1.0700,-0.6100,0.7900,0.1700
1961-10,9.1762,-17.9189,1.6311,68.5657,2.5800,-1.6100,0.1800,3.0700,0.1900
1961-11,50.6203,20.4764,-15.0335,31.8213,4.4500,1.2600,-1.2200,1.3400,0.1500
1961-12,-1.3407,-15.4011,15.9909,-35.1421,-0.1700,-0.8700,1.7600,-2.1800,0.1900
1962-01,-37.7413,18.3518,46.3282,-42.2349,-3.8700,1.7400,5.1100,-2.0400,0.2400
1962-02,6.6368,-7.7037,3.4589,-7.1529,1.8100,-1.1500,0.8200,-1.0000,0.2000
1962-03,-7.7128,8.1321,-29.9088,37.3884,-0.6800,0.6600,-1.5800,1.8900,0.2000
1962-04,-69.2744,-9.4688,2.3593,45.3203,-6.5900,-0.8500,0.1400,2.9400,0.2200
1962-05,-23.0028,-50.3529,51.7399,5.6058,-8.6600,-3.1400,2.7300,0.4600,0.2400
1962-06,-2.2620,-0.2013,4.6089,28.0879,-8.5000,-0.4600,2.4200,6.4000,0.2000
1962-07,2.8620,5.0172,-10.6449,1.2800,6.2700,1.5200,-3.3700,0.5100,0.2700
1962-08,3.2780,2.9308,-3.2465,-1.4560,2.1300,1.2200,-1.1200,-0.5700,0.2300
1962-09,-19.9463,-23.8441,8.0412,14.3556,-5.2200,-2.4000,1.3300,3.9600,0.2100
1962-10,-0.1255,-60.0547,4.7061,6.9255,-0.0500,-3.9500,1.3000,0.7900,0.2600
1962-11,9.7443,7.0353,1.7206,-26.4675,10.8900,2.5000,0.8500,-7.1900,0.2000
1962-12,2.1970,-23.4464,2.5744,13.8467,1.0100,-3.7600,0.3200,5.9000,0.2300
1963-01,26.7778,20.1908,24.3556,-7.8792,4.9400,3.0100,2.2400,-2.1300,0.2500
1963-02,-10.2501,1.4956,26.9856,8.7832,-2.4000,0.4600,2.1500,2.5200,0.2300
1963-03,24.5108,-47.3607,21.8464,40.3443,3.0800,-2.5800,2.1000,1.5800,0.2300
1963-04,41.2540,-15.8094,15.3736,-1.6420,4.5100,-1.2600,1.0000,-0.1000,0.2500
1963-05,18.8640,17.8047,38.2668,2.9985,1.7600,1.0800,2.5500,0.2900,0.2400
1963-06,-23.2660,-2.9306,5.2473,38.9665,-2.0000,-0.3200,0.6500,1.1600,0.2300
1963-07,-4.7077,-10.5315,-10.9031,18.2973,-0.3900,-0.5700,-0.8100,1.0100,0.2700
1963-08,30.3906,-16.7546,27.0705,12.8555,5.0800,-0.9500,1.7000,1.0000,0.2500
1963-09,-15.0554,-2.8394,0.0000,2.5467,-1.5700,-0.2500,0.0000,0.1200,0.2700
1963-10,23.2869,-4.3103,-0.7597,52.5471,2.5400,-0.5700,-0.0400,3.1300,0.2900
1963-11,-5.8128,-7.0671,8.8278,-6.9374,-0.8600,-1.1600,1.7300,-0.7800,0.2700
1963-12,1.6923,-5.3869,-1.7866,3.0909,1.8300,-1.9600,-0.2100,1.8400,0.2900
1964-01,27.8809,-1.4053,24.2219,12.3800,2.2400,-0.2400,1.6300,1.0200,0.3000
1964-02,27.7116,0.8647,13.4558,5.0966,1.5500,0.1200,2.8100,0.3300,0.2600
1964-03,58.4648,36.2866,25.0759,16.3184,1.4100,0.9500,3.2900,0.6900,0.3100
1964-04,2.8936,-14.7216,-3.5714,-20.4102,0.1000,-1.3500,-0.5400,-0.6400,0.2900
1964-05,16.3485,-8.9642,8.0794,50.7498,1.4100,-0.8400,1.8100,2.5300,0.2600
1964-06,18.6660,-2.9991,7.8246,8.2672,1.2700,-0.2300,0.6800,0.4700,0.3000
1964-07,13.1530,4.7125,9.3038,-5.9198,1.7400,0.1900,0.7900,-0.3800,0.3000
1964-08,-23.1999,0.2290,1.1441,-11.7087,-1.4400,0.0100,0.0700,-0.2500,0.2800
1964-09,20.4867,-9.3928,26.3113,-6.2328,2.6900,-0.6300,1.7200,-0.3900,0.2800
1964-10,12.1581,10.8364,11.3644,5.2070,0.6000,0.4800,1.0800,0.1900,0.2900
1964-11,-0.1607,9.4683,-25.3282,32.4940,-0.0100,0.6200,-2.0400,1.1000,0.2900
1964-12,0.5743,-4.4081,-19.6873,-26.3299,0.0400,-0.2400,-2.4300,-0.6900,0.3100
1965-01,29.9219,77.9085,4.6040,-28.0644,3.5400,2.5700,0.3600,-1.3800,0.2800
1965-02,8.5722,29.2714,5.0561,2.0698,0.4400,3.3100,0.2200,0.2400,0.3000
1965-03,-11.1562,17.6425,16.9654,5.3575,-1.3400,1.7900,1.1500,0.1700,0.3600
1965-04,69.6650,21.1142,11.7413,64.0275,3.1100,1.1400,0.7300,2.5300,0.3100
1965-05,-15.8948,0.4212,-17.2662,12.8398,-0.7800,0.0200,-1.5500,0.5500,0.3100
1965-06,-52.9787,-51.6807,4.3061,-73.5324,-5.5100,-4.0700,0.2300,-3.1800,0.3500
1965-07,2.1189,1.3119,36.6466,9.3187,1.4400,0.8600,2.1900,4.0900,0.3100
1965-08,15.5746,29.5136,-8.1279,22.0331,2.7300,2.8500,-0.9800,2.5800,0.3300
1965-09,75.1682,6.0714,-2.2052,49.9186,2.8600,0.6300,-0.1400,3.2900,0.3100
1965-10,27.5443,50.5786,15.2615,29.0699,2.6000,2.5200,1.5500,3.4500,0.3100
1965-11,-0.4624,30.2289,1.7041,43.1818,-0.0300,4.6900,0.1600,4.4000,0.3500
1965-12,24.0158,8.1065,32.7345,-0.8820,1.0100,2.0700,2.1500,-0.1000,0.3300
1966-01,6.7174,16.2447,16.8288,21.1689,0.7200,4.0200,3.2700,5.2800,0.3800
1966-02,-26.1091,25.4158,2.9923,23.1837,-1.2100,4.4400,0.3800,4.5800,0.3500
1966-03,-23.1484,2.4152,-22.6775,4.1394,-2.5100,0.8600,-2.1300,1.4700,0.3800
1966-04,5.9698,8.9415,-1.7805,7.3592,2.1300,3.4400,-0.3600,5.8800,0.3400
1966-05,-49.1902,-18.0729,-8.6894,-16.2742,-5.6700,-4.6000,-1.6000,-4.7100,0.4100
1966-06,-1.9579,1.1034,4.3605,1.4173,-1.4400,1.0200,0.4900,3.2300,0.3800
1966-07,-8.6829,-1.7598,8.7142,-2.0749,-1.6300,-0.3500,0.9100,-1.3000,0.3500
1966-08,-23.1503,-27.0810,7.2802,-5.1173,-7.9400,-3.2600,0.5000,-2.2100,0.4100
1966-09,-0.9386,-2.9152,1.5264,-1.4887,-1.0600,-1.0100,0.4800,-1.8600,0.4000
1966-10,7.2416,-52.5243,10.9212,-11.1803,3.8600,-6.6000,2.7400,-5.2000,0.4500
1966-11,1.6179,5.4147,-8.8231,12.0422,1.3800,4.0700,-4.6300,5.7300,0.4000
1966-12,0.4904,13.8051,-6.2322,8.3194,0.1300,1.9300,-0.9500,0.9900,0.4000
1967-01,43.0852,54.5959,12.6003,-59.3382,8.1500,8.1000,2.3600,-7.0000,0.4300
1967-02,2.9661,7.5636,-13.7807,7.7819,0.7700,3.3200,-2.2600,3.5100,0.3600
1967-03,27.6301,8.4601,5.4364,20.2358,3.9900,1.4700,0.4700,1.3900,0.3900
1967-04,25.3292,4.4276,-18.2811,6.9384,3.8900,0.4700,-2.2900,0.5200,0.3200
1967-05,-15.3739,17.0556,5.4821,7.2992,-4.3200,2.1100,0.8000,0.6600,0.3300
1967-06,8.1173,17.5939,7.6783,30.7884,2.4200,5.8500,0.8000,6.0100,0.2700
1967-07,11.8059,6.1650,60.4729,-3.2168,4.5800,3.1700,2.7500,-1.1000,0.3200
1967-08,-11.4234,1.9114,10.1762,-11.1826,-0.9000,0.4300,1.4300,-1.3200,0.3100
1967-09,30.3350,24.3295,-32.6087,17.0437,3.1000,3.0400,-2.4700,2.3900,0.3200
1967-10,-26.9583,7.5700,-29.8406,21.5717,-3.0800,1.4700,-3.2900,3.6800,0.3900
1967-11,2.4801,1.5694,-11.2097,5.8570,0.3700,0.1800,-1.7100,1.2200,0.3600
1967-12,8.2227,11.8745,-3.8227,5.1892,3.0500,5.6200,-0.5400,3.2000,0.3300
1968-01,-40.7240,15.4015,39.7473,-17.7970,-4.0300,3.9900,4.8500,-4.4600,0.4000
1968-02,-19.5056,-6.2114,3.8036,-6.3749,-3.7400,-2.9400,1.2300,-3.3400,0.3900
1968-03,0.6249,-3.2634,-4.0060,7.9799,0.2100,-1.3000,-0.6300,3.1900,0.3800
1968-04,15.7496,10.0825,-5.9132,10.8516,9.0200,5.6600,-1.1000,5.1100,0.4300
1968-05,4.1588,22.1245,5.4963,19.2116,2.2800,6.2900,0.8200,3.7500,0.4500
1968-06,5.3793,-0.6354,6.1149,-17.6593,0.7000,-0.1900,0.6600,-2.0900,0.4300
1968-07,-13.4204,-10.7137,84.1840,-4.2188,-2.6900,-1.2800,5.3100,-0.8900,0.4800
1968-08,4.2664,10.9098,2.0399,6.6396,1.3500,2.4200,0.9900,1.9000,0.4200
1968-09,37.1586,26.6384,3.6731,-4.9831,4.0500,2.7400,0.3000,-0.6400,0.4300
1968-10,4.7905,-4.1671,23.2374,-25.6976,0.4300,-0.5000,2.8200,-1.4600,0.4400
1968-11,68.3510,20.4440,-12.3286,22.1439,5.4300,2.3400,-0.9600,1.7400,0.4200
1968-12,-37.1874,33.9939,0.5948,6.6946,-3.9300,3.3600,0.0400,0.3200,0.4300
1969-01,-10.4828,-3.3679,24.4920,-2.0476,-1.2500,-0.6300,1.6600,-0.1500,0.5300
1969-02,-23.4447,-11.7788,7.9172,-18.1369,-5.8600,-3.9600,0.8900,-2.5500,0.4600
1969-03,10.1293,-1.4650,-3.8587,64.3827,2.6600,-0.3000,-0.4200,4.0600,0.4600
1969-04,7.0543,-4.9720,0.1464,11.3355,1.4600,-0.8100,0.0200,1.2400,0.5300
1969-05,-0.4429,-4.3367,5.0542,30.9702,-0.0900,-0.3200,0.6200,1.8100,0.4800
1969-06,-50.1002,-72.5570,-15.8430,-66.3419,-7.1900,-5.3400,-1.1000,-2.3100,0.5100
1969-07,-20.9962,-9.2945,9.7184,36.1898,-7.0000,-3.2400,1.1800,1.8200,0.5300
1969-08,5.0165,1.5646,-5.8323,21.3636,4.6900,0.8100,-3.7500,2.1400,0.5000
1969-09,-7.9794,9.6334,-11.5636,23.1415,-2.9700,1.2300,-3.2200,2.4300,0.6200
1969-10,15.6065,46.5389,-8.6509,-74.1968,5.0600,3.9200,-3.1200,-4.3600,0.6000
1969-11,-12.7197,-12.0995,-4.9233,18.3226,-3.8000,-2.5500,-1.2500,3.6700,0.5200
1969-12,-12.7886,-27.3101,-11.3926,82.7031,-2.6300,-3.6800,-2.8800,5.2700,0.6400
1970-01,-16.8871,10.7277,13.2093,1.1326,-8.1000,2.9100,3.1700,0.5600,0.6000
1970-02,12.1795,-7.6659,8.2729,0.3177,5.1400,-2.3900,3.6900,0.2700,0.6200
1970-03,-2.8696,-13.3121,13.5334,-1.4964,-1.0600,-2.3100,4.0800,-0.3600,0.5700
1970-04,-29.8657,-46.5898,18.0151,-5.4185,-10.9900,-6.1400,6.1400,-0.8300,0.5000
1970-05,-9.5586,-10.8641,3.2980,-31.4849,-6.9000,-4.6100,3.3200,-2.6600,0.5300
1970-06,-1.8028,-2.2581,0.1794,8.2544,-5.8000,-2.0800,0.4400,5.6400,0.5800
1970-07,6.7546,-1.2448,1.0392,-4.5266,6.9200,-0.5500,0.9300,-3.1200,0.5200
1970-08,6.1225,5.6308,4.1323,-18.3424,4.5000,1.4800,1.4100,-6.6800,0.5300
1970-09,6.2110,15.6159,-13.2652,-17.1311,4.1800,8.6100,-5.4100,-8.6400,0.5400
1970-10,-5.3907,-6.3621,0.5118,9.0876,-2.2700,-4.1700,0.2100,9.4500,0.4600
1970-11,12.5758,-13.7350,4.7124,4.0023,4.6200,-3.9700,1.5800,2.5900,0.4600
1970-12,16.7842,10.2262,10.1994,-5.8926,5.7400,2.8200,1.0400,-2.3000,0.4200
1971-01,24.1247,34.4852,20.6419,-21.7752,4.8300,7.2800,1.5500,-6.8600,0.3800
1971-02,7.0120,4.7681,-5.9679,2.1809,1.4100,1.8600,-1.2400,0.8200,0.3300
1971-03,21.5722,6.5262,-42.4769,-4.9051,4.1200,2.6000,-3.9500,-1.4000,0.3000
1971-04,17.8779,-2.9551,7.3577,14.6246,3.1500,-0.4900,0.8600,1.3600,0.2800
1971-05,-39.6115,-9.7889,-14.8851,12.1112,-3.9900,-1.0400,-1.3300,0.9300,0.2900
1971-06,-0.4663,-22.6683,-40.0708,31.5520,-0.0900,-1.5300,-1.9700,2.6900,0.3700
1971-07,-12.9949,-8.2174,-0.3024,-11.6607,-4.4900,-1.5100,-0.0200,-2.3200,0.4000
1971-08,17.7946,-1.7731,100.8398,34.8350,3.7900,-0.2200,2.6400,3.4400,0.4700
1971-09,-0.9454,2.0625,-10.8801,4.8838,-0.8600,0.5000,-2.9000,2.1000,0.3700
1971-10,-24.0040,-29.6121,-7.0136,10.5186,-4.4200,-1.7500,-0.5100,0.5000,0.3700
1971-11,-1.8382,-25.1546,-38.5201,27.4120,-0.4600,-2.7700,-1.6700,1.5100,0.3700
1971-12,12.8343,11.6275,-4.9602,-7.6747,8.7100,3.2900,-0.3800,-0.6200,0.3700
1972-01,6.1703,26.0452,24.9509,0.3786,2.4700,5.8400,2.1200,0.0700,0.2900
1972-02,14.9677,5.4176,-24.3008,19.5434,2.8700,1.3200,-2.8300,2.5300,0.2500
1972-03,6.6661,-3.1683,-9.4655,41.9728,0.6200,-0.2900,-1.6100,2.9400,0.2700
1972-04,1.4063,0.9334,0.2935,36.9617,0.2900,0.1600,0.0300,2.7900,0.2900
1972-05,9.1379,-31.2762,-47.5164,50.4941,1.2900,-2.7100,-2.7200,3.3300,0.3000
1972-06,-8.4393,1.4888,-20.5646,12.2534,-2.4300,0.2800,-2.4600,1.9000,0.2900
1972-07,-6.3592,-56.2612,8.7737,58.7244,-0.8000,-2.9000,0.6000,2.6800,0.3100
1972-08,15.8154,-34.1889,36.2378,-64.2200,3.2700,-3.9900,4.5600,-5.3600,0.2900
1972-09,-5.7249,-19.0789,1.4323,12.0966,-1.1400,-2.6600,0.4900,1.8300,0.3400
1972-10,3.0560,-43.2336,11.3565,9.6588,0.5200,-2.7300,1.2200,0.7000,0.4000
1972-11,15.8631,-7.4362,37.8709,-78.4023,4.6000,-1.1800,4.8800,-5.0800,0.3700
1972-12,3.9877,-10.5139,-10.0370,47.6660,0.6200,-1.9500,-2.1800,4.9500,0.3700
1973-01,-18.7095,-22.9457,28.1601,22.1583,-3.2700,-3.4900,2.7000,3.8000,0.4400
1973-02,-23.3847,-15.7829,15.4887,20.1338,-4.8500,-3.8900,1.6400,2.2200,0.4200
1973-03,-2.9339,-18.0920,13.1110,41.0030,-1.3000,-2.7800,2.5700,3.5500,0.4600
1973-04,-10.8519,-15.6523,21.5913,49.3262,-5.6800,-3.8400,5.3900,6.3500,0.5200
1973-05,-5.4360,-25.5238,1.4498,24.9977,-2.9700,-6.2700,0.3800,7.1900,0.5100
1973-06,-1.4315,-2.0186,4.2048,8.4812,-1.5700,-2.8400,1.1400,4.3300,0.5100
1973-07,7.1438,18.6725,-14.8361,-33.8200,5.0400,7.9200,-5.2600,-11.6700,0.6400
1973-08,-6.1023,-3.5915,2.0127,4.8881,-3.8200,-2.0000,1.0300,3.5900,0.7000
1973-09,12.6371,23.7380,14.4816,-29.6618,4.7400,2.9300,2.2200,-6.9800,0.6800
1973-10,-2.7616,-1.5276,5.9765,15.3734,-0.8300,-0.2100,1.6600,6.7800,0.6500
1973-11,-29.0474,-29.2079,21.0764,23.9746,-12.7800,-7.7200,4.0900,8.9300,0.5600
1973-12,0.3735,-6.6443,9.0656,24.6796,0.5900,-5.4000,4.0100,10.1600,0.6400
1974-01,-0.0908,17.8938,11.5573,-9.5924,-0.1600,9.6800,5.9500,-8.9200,0.6300
1974-02,-0.4349,0.0000,3.6546,0.5749,-0.4600,0.0000,2.4700,0.3700,0.5800
1974-03,-4.8568,12.4375,-0.6818,-11.6193,-2.8200,2.5000,-0.1400,-1.0000,0.5600
1974-04,-9.8068,-2.7122,3.4129,8.2167,-5.2800,-0.6800,0.9200,2.0600,0.7500
1974-05,-7.9581,-17.7611,-25.6985,-6.4769,-4.7000,-2.9300,-2.0800,-0.2900,0.7500
1974-06,-4.0911,-0.5774,5.6281,21.5053,-2.8400,-0.2400,0.8300,2.3200,0.6000
1974-07,-10.3721,3.0842,27.0615,28.3358,-8.0600,0.7800,5.1600,3.0000,0.7000
1974-08,-5.4117,-1.4263,7.7150,16.4684,-9.3900,-0.6900,2.6100,3.0300,0.6000
1974-09,-7.6386,0.3236,11.5171,14.8782,-11.7900,0.2700,5.4300,4.2400,0.8100
1974-10,6.2894,-3.2591,-17.7104,-1.1224,16.1100,-3.4300,-9.9100,-0.5300,0.5100
1974-11,-1.4643,-0.6280,-0.2961,3.8960,-4.5300,-1.1700,-0.2500,2.2000,0.5400
1974-12,-2.9636,-16.3205,0.2586,8.9953,-3.4400,-4.7400,0.1200,2.9800,0.7000
1975-01,10.8358,12.3437,33.6491,-41.9822,13.6700,11.0600,8.2600,-13.8000,0.5800
1975-02,4.1796,0.1265,-5.3557,-0.5594,5.5600,0.1200,-4.4700,-0.5800,0.4300
1975-03,3.9256,14.4001,6.9760,-9.3504,2.6600,3.7500,2.4200,-2.0700,0.4100
1975-04,5.4048,-1.8046,-6.2247,8.2272,4.2200,-0.6400,-1.1300,1.5100,0.4400
1975-05,7.7448,9.8608,-32.5182,-16.3131,5.2000,3.9300,-4.0500,-0.5800,0.4400
1975-06,8.6011,2.3505,7.8775,-0.6836,4.8700,0.8100,1.3500,-0.0400,0.4100
1975-07,-15.1437,14.3343,19.1299,3.7839,-6.6000,2.6600,1.7600,0.3400,0.4800
1975-08,-6.3696,-11.4632,-4.2911,-0.9618,-2.8400,-3.1700,-0.9100,-0.1600,0.4800
1975-09,-5.1972,-0.5826,1.6676,1.3310,-4.2600,-0.1600,0.3300,0.4000,0.5300
1975-10,6.9529,-16.5877,3.7418,-1.2095,5.3200,-4.0800,0.3500,-0.2200,0.5600
1975-11,3.9745,-2.8806,19.7994,-6.1085,2.6500,-1.2200,2.0300,-0.5000,0.4100
1975-12,-6.0323,-6.4057,30.4255,-1.6788,-1.6000,-0.8700,1.7000,-0.1000,0.4800
1976-01,25.2065,14.2014,65.6381,30.9072,12.1500,4.8700,8.6300,4.3700,0.4700
1976-02,0.4711,26.4540,12.8791,3.5605,0.3100,6.9700,5.7100,0.3800,0.3400
1976-03,5.7024,-3.1534,-0.3138,2.3960,2.3200,-1.1700,-0.1100,0.2200,0.4000
1976-04,-3.9790,-0.5262,-0.8302,5.2420,-1.4900,-0.0800,-0.1600,0.5300,0.4200
1976-05,-3.9527,-9.3786,-9.6074,-8.9769,-1.3400,-1.1900,-1.2900,-1.0700,0.3700
1976-06,13.6234,-11.9346,5.3596,-10.0013,4.0600,-1.3200,0.7300,-0.4400,0.4300
1976-07,-3.6486,2.9252,39.8222,-4.2616,-1.0600,0.2800,1.7400,-0.1500,0.4700
1976-08,-3.9054,-19.3726,13.2248,-32.5959,-0.5700,-2.0500,0.7900,-0.7800,0.4200
1976-09,9.0510,0.5448,-11.9640,3.0974,2.0600,0.0800,-0.3100,0.2000,0.4400
1976-10,-9.6220,1.2233,-3.3833,-25.2074,-2.4200,0.1400,-0.1700,-0.4300,0.4100
1976-11,0.9452,10.5886,26.6764,41.9027,0.3600,2.3400,1.5300,2.8200,0.4000
1976-12,16.3616,14.2944,23.3836,13.4651,5.6500,3.0300,2.2300,0.7300,0.4000
1977-01,-21.7046,29.9927,38.8454,117.7173,-4.0300,4.7500,4.3200,4.0500,0.3600
1977-02,-9.9360,4.2155,2.8484,5.6041,-1.9400,1.0300,0.4500,0.3400,0.3500
1977-03,-13.5005,9.3734,31.0546,19.8703,-1.3500,0.9900,1.0900,0.6800,0.3800
1977-04,0.7557,-0.9339,89.3849,87.7837,0.1500,-0.1300,3.3800,4.1900,0.3800
1977-05,-4.8333,10.6832,9.7456,30.5101,-1.4700,1.2500,0.8100,2.0100,0.3700
1977-06,26.6129,23.3129,-18.4070,42.5502,4.7200,2.0700,-0.6200,1.6000,0.4000
1977-07,-10.3740,13.5811,-11.3357,14.5894,-1.6900,2.0900,-0.6000,0.3800,0.4200
1977-08,-10.0921,15.6117,-43.4842,-40.3609,-1.7600,1.5500,-2.7700,-1.6300,0.4400
1977-09,-1.7933,10.7962,-1.8679,42.4193,-0.2700,1.5000,-0.2600,2.1000,0.4300
1977-10,-32.6018,14.4739,30.8462,-3.2821,-4.3900,1.1900,1.6200,-0.1200,0.4900
1977-11,16.4876,32.2335,3.6209,33.3660,4.0000,3.6800,0.2300,2.1400,0.5000
1977-12,0.5892,7.1299,-3.2603,25.9171,0.2700,1.3600,-0.2900,1.5900,0.4900
1978-01,-30.3270,20.5191,41.3198,-8.2167,-6.0000,2.2800,3.3800,-0.5800,0.4900
1978-02,-4.5260,24.3945,4.7920,33.9771,-1.3900,3.5900,0.8100,1.9600,0.4600
1978-03,15.5545,21.7515,26.2432,34.1083,2.8500,3.4400,1.1500,1.4500,0.5300
1978-04,45.4424,2.2225,-47.5545,11.2380,7.8700,0.3600,-3.5400,0.4900,0.5400
1978-05,3.6770,15.8497,-2.9537,26.7489,1.7600,4.5300,-0.5500,2.7700,0.5100
1978-06,-5.8567,7.1639,4.3337,41.4912,-1.6900,1.7400,0.6000,2.7800,0.5400
1978-07,17.1186,0.9540,-10.9106,45.5349,5.1200,0.2900,-1.0000,4.1900,0.5600
1978-08,14.9964,33.4095,-10.5256,34.7658,3.7800,5.0600,-0.6600,3.0000,0.5600
1978-09,-4.5508,-1.4395,16.8104,-35.2125,-1.4400,-0.4900,1.8800,-3.2000,0.6200
1978-10,-36.4249,-46.0643,19.1470,-24.2494,-11.9000,-9.8900,1.2600,-8.4200,0.6800
1978-11,3.0402,1.1897,-12.4641,6.0245,2.7100,3.0600,-2.0800,5.4500,0.7000
1978-12,0.7557,1.6851,-5.6722,3.6236,0.8700,1.1900,-2.1400,3.0100,0.7800
1979-01,7.3972,16.6267,8.6310,-8.9222,4.2200,3.5500,2.1900,-1.4300,0.7700
1979-02,-10.6228,2.2628,13.1107,-18.4019,-3.5600,0.4400,1.1700,-0.9900,0.7300
1979-03,20.8432,22.9438,-12.2974,27.8129,5.6700,3.2000,-0.6800,2.9100,0.8100
1979-04,-0.2821,11.3209,12.7574,12.0615,-0.0700,2.1700,1.1200,0.8700,0.8000
1979-05,-10.8811,2.3446,29.1589,-14.1944,-2.2000,0.2100,1.3200,-0.5500,0.8200
1979-06,11.9541,5.1918,35.3546,10.4066,3.8400,1.1300,1.4200,0.7700,0.8100
1979-07,4.6169,16.7547,18.1974,-12.3619,0.8300,1.2800,1.7900,-1.0700,0.7700
1979-08,23.3046,13.0672,-20.2846,-3.0014,5.5400,1.9800,-1.5800,-0.2900,0.7700
1979-09,-5.2343,-2.1462,-10.8718,42.4902,-0.8300,-0.2600,-0.9400,5.2800,0.8300
1979-10,-20.4671,-11.2618,-28.2436,11.9935,-8.1000,-3.3800,-1.8300,2.0400,0.8700
1979-11,4.6571,1.9707,-30.5491,17.3543,5.2200,2.8100,-3.2100,8.0300,0.9900
1979-12,3.4605,15.6463,-18.2713,11.3809,1.7800,4.1300,-2.1300,4.7200,0.9500
1980-01,36.2273,9.1297,18.3138,41.5496,5.5000,1.6200,1.8500,7.4500,0.8000
1980-02,-1.9385,-5.1912,2.5305,17.9695,-1.2300,-1.8600,0.5900,7.8900,0.8900
1980-03,-23.7137,-15.1426,-9.9541,-11.6975,-12.9000,-6.7000,-0.9600,-9.5800,1.2100
1980-04,2.0533,0.2381,3.3302,-0.2211,3.9500,1.0500,1.0300,-0.4800,1.2600
1980-05,5.6032,4.0682,1.7229,-2.7474,5.2600,2.0500,0.3800,-1.1800,0.8100
1980-06,6.5274,4.4591,-9.0846,9.5461,2.9800,1.6600,-0.8000,1.5800,0.6100
1980-07,16.2307,13.7549,-87.2516,1.5758,6.5100,4.1000,-6.2900,0.2900,0.5300
1980-08,4.2922,14.4762,-8.0048,23.9087,1.7500,3.9000,-2.4600,3.0600,0.6400
1980-09,3.7905,4.1009,-13.3696,39.6147,2.1900,0.9600,-4.6100,5.4300,0.7500
1980-10,1.1219,5.9212,-5.0974,19.8721,1.0400,2.3900,-2.9300,7.1300,0.9500
1980-11,13.2754,-9.3471,-14.6043,28.3276,9.6000,-3.2700,-8.1100,15.1500,0.9600
1980-12,-5.7736,-0.7695,4.4163,-7.8216,-4.4600,-0.2800,2.8000,-6.7100,1.3100
1981-01,-4.9997,3.6969,9.5099,-9.0382,-5.0600,2.9100,6.7400,-7.8200,1.0400
1981-02,1.0116,-1.0859,1.5111,-1.8823,0.6100,-0.4700,0.9700,-1.3500,1.0700
1981-03,6.6980,10.7210,1.2644,4.4542,3.6700,3.3400,0.6100,0.8200,1.2100
1981-04,-3.9736,8.9613,6.6844,-9.8947,-2.1600,4.5000,2.2800,-1.0800,1.0800
1981-05,0.4527,7.7941,-2.2364,36.7600,0.1300,1.9400,-0.4300,3.5600,1.1500
1981-06,-8.3081,-2.6148,31.8397,-34.6741,-2.3400,-0.8300,5.1400,-5.6700,1.3500
1981-07,-4.5711,-8.1200,-1.4401,-14.3309,-1.5500,-2.0700,-0.6100,-2.4400,1.2400
1981-08,-19.6917,-8.8747,22.2555,-5.7630,-7.0200,-1.9500,4.7100,-1.1000,1.2800
1981-09,-11.2350,-7.4960,9.2726,68.4758,-7.1900,-2.6800,5.1100,2.1300,1.2400
1981-10,4.6783,1.9734,-3.3218,43.7232,4.9200,2.1300,-4.0900,3.8300,1.2100
1981-11,5.1846,-2.8305,3.6596,-1.1616,3.4000,-1.0900,1.9100,-0.2100,1.0700
1981-12,-8.5138,3.5306,1.2237,6.7176,-3.6300,1.1800,0.7900,1.2800,0.8700
1982-01,-12.4094,-7.6652,18.3901,17.1338,-3.2300,-1.2500,3.1900,1.7700,0.8000
1982-02,-7.3067,1.3944,6.2613,16.4779,-5.8600,0.4600,6.0900,4.8700,0.9200
1982-03,-3.4759,-0.4424,5.2255,8.9615,-1.8200,-0.1900,3.7600,2.9000,0.9800
1982-04,6.1838,4.1680,-1.8883,-0.8692,3.2400,1.6400,-3.0800,-0.4600,1.1300
1982-05,-11.7292,0.8338,4.4057,10.1699,-3.9300,0.1700,1.7800,2.5100,1.0600
1982-06,-10.9367,-2.1438,14.0006,18.7690,-3.0800,-0.4300,1.5600,4.8900,0.9600
1982-07,-7.0120,3.4526,0.1487,19.2158,-3.2000,0.9100,0.0700,4.4000,1.0500
1982-08,40.4489,-15.0417,6.6298,-17.3187,11.2300,-4.2800,1.0900,-3.6000,0.7600
1982-09,0.7247,1.4005,0.3711,6.3343,1.3100,2.8700,0.2300,4.1400,0.5100
1982-10,19.0414,3.8688,-16.1360,0.0496,11.3000,2.3800,-3.6200,0.0100,0.5900
1982-11,2.6200,3.2150,-5.0655,5.9302,4.6800,4.6300,-1.8000,5.9200,0.6300
1982-12,0.3519,-0.2671,-0.1475,-0.0944,0.5600,-0.3100,-0.0600,-0.0200,0.6700
1983-01,5.2373,3.8101,-1.3238,-2.3923,3.5900,2.8200,-0.7200,-1.6300,0.6900
1983-02,2.5712,5.3948,2.3259,5.3661,2.5900,3.1800,0.6600,3.6900,0.6200
1983-03,5.6902,3.7817,6.6910,8.6979,2.8100,1.7500,2.0600,0.8800,0.6300
1983-04,16.7816,0.8797,2.6567,4.9918,6.6600,0.4600,0.4300,1.6300,0.7100
1983-05,1.3035,21.7004,-14.5787,-7.8101,0.5100,6.2000,-1.4000,-1.5500,0.6900
1983-06,8.3335,2.0720,-53.1260,8.1356,3.0700,0.9300,-3.8900,1.8300,0.6700
1983-07,-9.1816,6.8832,26.7843,-10.3164,-4.0600,1.5000,5.5400,-3.0800,0.7400
1983-08,-0.7095,-11.9427,10.1841,-13.0513,-0.5000,-4.2900,5.5900,-5.3800,0.7600
1983-09,2.3324,1.3937,2.4696,-0.0238,0.9200,0.6100,0.9900,-0.0100,0.7600
1983-10,-11.5868,-15.0342,32.0394,-37.5990,-3.4300,-3.5500,4.9600,-4.4600,0.7600
1983-11,6.4677,4.8413,-1.6711,-1.1463,2.1700,2.0200,-0.7300,-0.1400,0.7000
1983-12,-7.6904,-0.6575,6.7082,16.2212,-1.7700,-0.2500,1.7500,0.8100,0.7300
1984-01,-14.1193,-1.5457,51.2603,-72.6383,-1.9200,-0.3500,7.4800,-2.5700,0.7600
1984-02,-18.0963,-5.9128,7.7032,7.4904,-4.7700,-1.6800,3.4100,0.4500,0.7100
1984-03,0.9776,0.2073,1.1409,14.8708,0.6500,0.1000,0.5300,1.0900,0.7300
1984-04,-1.3492,-2.6678,5.6255,26.8571,-0.5100,-1.1600,1.1900,2.1400,0.8100
1984-05,-21.7540,0.1595,1.8458,28.3083,-5.9800,0.0700,0.2600,1.5400,0.7800
1984-06,5.5238,-1.1295,-13.3676,-2.4510,1.8100,-0.2400,-2.7500,-0.5300,0.7500
1984-07,-6.4630,-3.9508,1.6706,18.0430,-2.7200,-2.2000,0.3900,2.7700,0.8200
1984-08,41.3687,-0.7311,-4.0210,-25.2548,10.2700,-0.2700,-1.7400,-5.6200,0.8300
1984-09,-0.8413,0.3241,6.7905,5.1005,-0.8000,0.1500,5.2500,3.6600,0.8600
1984-10,-3.6608,-2.7528,2.3918,34.3642,-0.8400,-1.1100,0.5900,3.2800,1.0000
1984-11,-5.2437,-1.7401,13.8651,15.8743,-1.7700,-0.7200,3.8700,1.5600,0.7300
1984-12,6.6137,-1.6156,-0.2075,14.0634,1.8500,-0.4800,-0.0300,1.4600,0.6400
1985-01,25.7843,10.6000,-21.1276,-42.0991,7.9700,3.2800,-5.2000,-6.8200,0.6500
1985-02,2.7211,1.4235,-1.2081,8.9140,1.2200,0.6300,-0.3600,1.9000,0.5800
1985-03,-3.9424,-3.3556,25.1394,32.3832,-0.8300,-1.0700,4.0100,1.7800,0.6200
1985-04,-4.4350,0.3381,13.5534,70.7596,-0.9600,0.0900,3.6000,2.9500,0.7200
1985-05,38.4772,-19.5326,-6.3714,85.7356,5.0700,-2.3000,-0.9800,4.0500,0.6600
1985-06,5.0180,3.0136,2.3825,44.6050,1.2700,0.4800,0.3800,3.3700,0.5500
1985-07,-4.1912,12.3321,-8.1800,-30.2253,-0.7200,2.8300,-1.6200,-3.6900,0.6200
1985-08,-4.6078,-1.7500,9.0719,8.2656,-1.0100,-0.3000,2.3400,1.7700,0.5500
1985-09,-25.9870,-10.5622,11.6790,31.7604,-4.5100,-1.6200,1.2100,1.6000,0.6000
1985-10,15.2452,-6.5926,6.7201,70.8744,4.0000,-1.5000,0.7700,4.8700,0.6500
1985-11,26.6127,0.7711,-15.7188,-8.0843,6.4600,0.1900,-2.9100,-0.5500,0.6100
1985-12,15.1375,-1.9402,-16.7161,-5.5631,3.8800,-0.5300,-1.4600,-0.2300,0.6500
1986-01,1.8488,4.5747,2.6270,41.6544,0.6500,1.1500,0.4600,2.9500,0.5600
1986-02,14.0881,-0.9745,-8.3653,16.2846,7.1400,-0.5700,-0.6300,2.5600,0.5300
1986-03,17.1494,-2.4279,-3.6250,36.7525,4.9100,-0.5400,-0.3900,2.3800,0.6000
1986-04,-4.1327,3.3795,-32.7243,-2.0461,-1.2800,2.7600,-2.8100,-0.3500,0.5200
1986-05,6.9140,-2.5608,-0.7384,13.3225,4.6200,-1.3600,-0.1400,2.0600,0.4900
1986-06,3.0292,-2.6195,12.5363,36.7008,1.0600,-0.9300,1.2000,4.9400,0.5200
1986-07,-17.6998,-6.6385,52.2092,22.2065,-6.4300,-3.4300,4.6600,1.8900,0.5200
1986-08,7.7663,-10.4723,5.3036,-14.9056,6.0700,-4.1600,3.5400,-5.1700,0.4600
1986-09,-26.6650,4.6144,14.5345,-21.4242,-8.5900,2.4000,3.2300,-5.6800,0.4500
1986-10,3.7071,-4.7898,-7.1507,11.5767,4.6400,-2.5300,-1.4200,4.4800,0.4600
1986-11,4.7649,-7.2874,-0.1770,-2.7503,1.1700,-1.8700,-0.0200,-0.2700,0.3900
1986-12,-7.3197,0.3661,3.9217,9.1847,-3.2600,0.1900,0.3600,0.4500,0.4900
1987-01,36.5254,-4.7160,-37.4404,53.0143,12.4500,-1.8900,-3.1800,2.0300,0.4200
1987-02,5.5891,7.3722,-20.2097,-21.1159,4.3800,3.4500,-5.8600,-2.2200,0.4300
1987-03,4.2528,1.4050,4.6732,19.2127,1.6300,0.5000,1.6600,1.6600,0.4700
1987-04,-4.1240,-3.7722,-2.2320,1.3376,-2.0900,-1.7200,-0.3600,0.2000,0.4400
1987-05,0.0982,-0.4181,1.9042,-5.3710,0.1100,-0.5300,0.2200,-0.7700,0.3800
1987-06,6.0578,-2.5421,5.9292,-4.6358,3.9100,-2.0300,1.1300,-0.2200,0.4800
1987-07,15.7332,-1.3005,10.5361,48.1462,3.8400,-0.5700,0.9400,2.5700,0.4600
1987-08,17.6031,-5.7304,-9.3357,-10.7594,3.5200,-0.8500,-0.9800,-0.9500,0.4700
1987-09,-5.2957,1.2099,1.2959,6.9969,-2.5800,0.5800,0.2600,0.8000,0.4500
1987-10,-36.0058,-7.6805,25.2204,-36.3957,-23.1900,-8.2700,4.1800,-7.7500,0.6000
1987-11,-0.3986,0.1252,1.2054,-0.3342,-7.7600,2.6800,3.1400,-1.2100,0.3500
1987-12,3.5213,0.0257,-10.3005,13.1129,6.8200,0.0300,-4.4200,5.8800,0.3900
1988-01,2.2901,-0.3999,7.5875,-33.3939,4.2100,-0.7500,4.9300,-7.3500,0.2900
1988-02,1.9855,1.6658,-3.6315,-4.0021,4.7700,3.3300,-1.5300,-1.4500,0.4600
1988-03,-4.7916,8.0527,5.1684,7.8212,-2.2600,6.0100,0.8600,0.6100,0.4400
1988-04,1.2972,1.6392,10.2612,20.0595,0.5700,0.9100,1.5100,2.2000,0.4600
1988-05,-0.3073,-2.7979,49.3212,13.5023,-0.2700,-2.5400,2.4400,0.6600,0.5100
1988-06,7.8106,2.7013,-11.8747,-68.2065,4.7800,2.0200,-1.3500,-3.0200,0.4900
1988-07,-2.2019,-0.2967,28.8313,7.7150,-1.2500,-0.2300,2.1800,0.6600,0.5100
1988-08,-7.9184,0.0953,30.1483,12.1228,-3.3100,0.0700,2.1400,0.3600,0.5900
1988-09,8.8123,-5.3597,-6.2880,6.9144,3.3100,-1.3400,-0.7500,0.2900,0.6200
1988-10,4.1236,-8.7766,20.0784,26.7904,1.1600,-2.9200,2.0300,1.3000,0.6100
1988-11,-6.0720,-2.5200,13.6005,7.9753,-2.2700,-1.6400,1.4700,0.1800,0.5700
1988-12,3.9841,6.2166,-16.1215,12.2473,1.4800,1.8900,-1.8300,0.3100,0.6300
1989-01,45.7273,-5.6996,8.4877,-6.5885,6.0700,-2.1900,0.6100,-0.2500,0.5500
1989-02,-8.9619,11.6500,13.1385,22.0277,-2.2300,2.8100,0.9900,0.9900,0.6100
1989-03,5.2349,2.1086,6.8003,188.9356,1.5700,0.6700,0.4700,3.5100,0.6700
1989-04,12.4695,-3.0308,-29.2837,35.6452,4.3500,-0.6700,-1.4800,1.7100,0.6700
1989-05,15.5637,-0.3973,-28.8556,51.5136,3.2800,-0.0900,-0.9000,1.4200,0.7900
1989-06,-5.2102,-2.4225,29.4221,12.1737,-1.3300,-0.9700,2.2100,0.4000,0.7100
1989-07,18.2583,-16.8511,-21.8365,64.3067,7.1800,-4.1100,-2.8000,5.3200,0.7000
1989-08,5.7478,1.7012,5.8669,-4.1031,1.4300,0.5700,0.6200,-0.4900,0.7400
1989-09,-2.3222,0.7905,-20.4448,36.5190,-0.7600,0.3000,-1.2700,3.5100,0.6500
1989-10,-24.9989,-13.9662,-17.9535,8.6377,-3.6500,-3.2400,-1.1600,1.3500,0.6800
1989-11,0.6818,-0.6062,-5.7400,8.1944,1.0400,-1.1900,-1.1300,2.7000,0.6900
1989-12,5.2211,-13.4880,1.6487,30.7271,1.1800,-2.3700,0.1500,2.7900,0.6100
1990-01,-28.9289,-4.5632,11.9434,-42.4499,-7.8000,-1.1400,0.8300,-2.9800,0.5700
1990-02,1.3460,0.9208,3.9635,-3.4982,1.1200,0.9700,0.6500,-0.5100,0.5700
1990-03,6.5726,2.9089,-31.2547,19.2338,1.8300,1.4700,-2.9000,1.7200,0.6400
1990-04,-12.3983,-1.5759,-13.2220,39.5650,-3.3600,-0.4700,-2.5700,2.2800,0.6900
1990-05,28.2549,-11.0952,-26.4814,45.7155,8.4300,-2.5600,-3.8900,3.1400,0.6800
1990-06,-3.0232,3.4600,-10.9541,33.0673,-1.0900,1.3500,-2.0000,2.4900,0.6300
1990-07,-5.2318,-6.9896,-0.3745,27.3169,-1.9000,-3.0800,-0.0600,6.0400,0.6800
1990-08,-26.8444,-8.3414,7.9988,12.1087,-10.1200,-3.5000,1.5600,1.9700,0.6600
1990-09,-2.8895,-5.4454,0.4560,36.2266,-6.1100,-3.6400,0.5900,5.7100,0.6000
1990-10,-2.9585,-12.0575,0.2515,23.1080,-1.9200,-5.5200,0.0800,6.7400,0.6800
1990-11,4.5532,0.3502,-5.8586,-20.0982,6.3500,0.4200,-2.9700,-5.3600,0.5700
1990-12,3.3547,1.2150,-8.8999,0.5620,2.4600,0.7900,-1.5700,0.2500,0.6000
1991-01,19.0692,11.5396,-17.6371,-12.9207,4.6900,3.7800,-1.4800,-6.4700,0.5200
1991-02,7.1613,4.7346,-1.6726,-12.3656,7.1900,4.0100,-0.6200,-4.9400,0.4800
1991-03,3.5853,6.9145,-5.3761,6.3395,2.6600,3.8800,-1.3000,2.7100,0.4400
1991-04,-0.6540,0.8766,6.3613,-14.6427,-0.2800,0.5000,1.4900,-2.3200,0.5300
1991-05,6.2501,-0.6793,-2.7344,-0.5592,3.6600,-0.3900,-0.5200,-0.0900,0.4700
1991-06,-10.5225,0.4820,7.1365,2.3360,-4.9400,0.1800,1.0800,0.4200,0.4200
1991-07,12.5706,-3.1103,-17.8255,100.5314,4.2400,-0.9700,-1.3000,4.2600,0.4900
1991-08,7.4902,4.0182,-8.4351,17.8155,2.3200,1.5800,-0.7900,1.5800,0.4600
1991-09,-2.4849,5.5361,-9.9639,9.8745,-1.5900,1.6800,-1.2300,1.7500,0.4600
1991-10,7.7498,5.3663,-6.3532,36.6637,1.2900,0.7700,-0.4300,3.1800,0.4200
1991-11,-11.7603,-1.3565,-15.7377,6.1808,-4.2000,-0.5100,-1.7700,1.1800,0.3900
1991-12,16.1348,-6.4954,-18.0795,28.0034,10.8500,-2.2600,-4.2300,8.2900,0.3800
1992-01,-0.9209,10.8955,12.9503,-9.7508,-0.5900,8.4800,4.6700,-2.5000,0.3400
1992-02,3.5436,1.1673,7.8550,-1.2150,1.0800,0.8300,6.5100,-0.7000,0.2800
1992-03,-9.0008,-3.5552,6.2604,-1.1984,-2.6500,-0.9700,3.4900,-0.2100,0.3400
1992-04,6.4349,-35.4577,28.3156,-20.5367,1.0900,-6.1200,4.3600,-2.5500,0.3200
1992-05,0.5111,0.7686,2.0874,0.1565,0.3000,0.4100,1.1100,0.0600,0.2800
1992-06,-12.2026,-12.0048,28.9343,-4.9606,-2.3300,-3.1000,3.2400,-0.5700,0.3200
1992-07,14.3511,-1.1841,-2.3918,12.9016,3.7800,-0.4500,-0.5100,1.4700,0.3100
1992-08,-8.5031,-0.4761,-4.5602,-6.3792,-2.3800,-0.1000,-1.0900,-0.4700,0.2600
1992-09,9.2376,5.4934,-4.3547,48.2687,1.1900,0.5500,-0.1900,1.4400,0.2600
1992-10,3.7082,9.7699,-9.1612,46.6712,1.0200,2.1100,-1.9800,2.5000,0.2300
1992-11,14.6233,8.5798,-7.8245,-2.5879,4.1400,3.6800,-1.5200,-0.2500,0.2300
1992-12,9.7336,8.3196,12.5424,94.6051,1.5300,1.6500,2.6400,4.3300,0.2800
1993-01,7.7809,5.0420,47.6082,33.5116,0.9300,1.8900,5.9000,4.8500,0.2300
1993-02,1.0474,-15.8281,19.3712,18.4434,0.1200,-3.3900,6.4800,3.1800,0.2200
1993-03,5.0267,0.6219,1.4244,14.3561,2.3200,0.2900,1.2600,3.7000,0.2500
1993-04,-11.1797,-1.4977,10.8461,1.5057,-3.0500,-0.6200,2.5500,0.3600,0.2400
1993-05,8.3722,4.7341,-6.9062,0.5117,2.8900,2.0600,-3.4600,0.2100,0.2200
1993-06,1.2154,-0.7948,7.9137,57.5813,0.3000,-0.3000,2.6400,4.5700,0.2500
1993-07,-1.8035,3.2143,17.1835,28.3560,-0.3400,0.9600,2.8700,3.2200,0.2400
1993-08,25.0037,0.3972,0.8058,45.8029,3.7200,0.1100,0.1800,2.5400,0.2500
1993-09,-1.4541,37.2009,-2.0222,18.4837,-0.1200,3.0900,-0.2400,3.3900,0.2600
1993-10,8.3780,6.0435,-12.8270,-18.8401,1.4200,1.9900,-2.7800,-2.6700,0.2200
1993-11,-19.9043,-5.1797,-3.5304,-29.2625,-1.8700,-1.2700,-0.7800,-4.7700,0.2500
1993-12,6.5217,3.5306,1.2781,9.7548,1.6500,1.1900,0.2500,2.3300,0.2300
1994-01,37.5524,0.7702,17.5383,2.1382,2.8700,0.3300,1.1000,0.1100,0.2500
1994-02,-22.0039,14.1858,-25.2080,-3.0959,-2.5500,2.7600,-1.5200,-0.3400,0.2100
1994-03,-14.3929,-3.6182,36.6088,-19.8741,-4.7900,-1.0800,1.6700,-1.3200,0.2700
1994-04,2.0354,-2.5503,13.9184,2.5099,0.6800,-0.9300,1.6600,0.3300,0.2700
1994-05,1.1241,-3.6518,2.2745,-4.2356,0.5800,-2.0900,0.6000,-2.0500,0.3200
1994-06,-12.0986,-1.5776,17.4412,-18.2234,-3.0400,-0.4300,1.7700,-0.9000,0.3100
1994-07,10.5396,-6.4087,4.0809,1.5421,2.8200,-1.8100,0.6100,0.1100,0.2800
1994-08,35.6469,17.3640,-32.4053,55.6000,4.0200,1.5000,-2.5500,1.5400,0.3700
1994-09,-15.7337,15.5069,-14.7085,39.2733,-2.2800,3.0400,-1.8100,1.3200,0.3700
1994-10,5.8956,-8.7320,-20.3010,105.2161,1.3500,-2.1600,-1.6600,1.3100,0.3800
1994-11,-11.9965,1.2177,-6.6536,-2.8125,-4.0300,0.2800,-0.7300,-0.1200,0.3700
1994-12,3.2136,0.5866,-0.4395,38.5695,0.8600,0.1700,-0.0900,3.4500,0.4400
1995-01,7.7890,-6.3857,18.9015,-27.5990,1.8000,-3.5100,2.5900,-1.8400,0.4200
1995-02,35.4474,-2.1735,6.2687,-3.6120,3.6300,-0.6100,0.9900,-0.4700,0.4000
1995-03,13.7066,-1.2781,-26.1552,15.7011,2.1900,-0.2000,-2.1300,0.4500,0.4600
1995-04,14.8166,-3.1989,13.2081,10.8730,2.1100,-0.5100,1.6700,1.8000,0.4400
1995-05,41.4964,-12.3558,16.1976,-6.3920,2.9000,-2.5300,2.2800,-0.5500,0.5400
1995-06,10.1388,7.6906,-16.0938,23.2594,2.7200,3.1700,-2.5400,3.0100,0.4700
1995-07,17.4688,4.8855,-8.5650,23.1435,3.7100,2.0900,-1.5800,2.6000,0.4500
1995-08,1.7816,4.7250,10.9222,0.3078,0.5500,1.3100,2.6800,0.0500,0.4700
1995-09,47.6666,-8.0510,-0.3927,25.5242,3.3600,-2.1600,-0.1100,2.8600,0.4300
1995-10,-11.1840,-10.5552,-2.4266,26.4203,-1.5100,-3.8000,-0.4900,4.1700,0.4700
1995-11,17.5045,-2.3131,1.3606,-2.3693,3.9600,-1.1200,0.5200,-0.7200,0.4200
1995-12,5.7172,2.5053,1.6585,20.3673,1.0400,0.6600,0.2400,2.4800,0.4900
1996-01,7.8172,-6.0428,2.4772,4.5853,2.2600,-2.8300,0.4600,0.5700,0.4300
1996-02,2.9695,4.0433,-2.9758,2.2272,1.3300,1.7900,-1.0500,0.5700,0.3900
1996-03,2.2721,2.6445,2.7453,-34.2219,0.7400,1.4300,0.4200,-1.8500,0.3900
1996-04,4.0985,12.2281,-16.2899,-6.9042,2.0600,5.2000,-3.9700,-0.9400,0.4600
1996-05,7.6247,8.0493,-4.9117,9.1670,2.3600,3.2000,-0.9000,1.6200,0.4200
1996-06,-3.3956,-9.1138,15.0824,8.5124,-1.1300,-4.0000,2.3300,1.0200,0.4000
1996-07,-34.9051,-7.8961,22.9311,-1.1926,-5.9600,-4.3000,5.1900,-0.1500,0.4500
1996-08,2.7662,1.9822,-0.5366,-0.0911,2.7700,2.4500,-0.8200,-0.0200,0.4100
1996-09,13.9926,-2.9099,-14.6583,34.3605,5.0100,-1.0200,-2.7400,2.6700,0.4400
1996-10,4.1642,-29.3190,29.7680,38.2034,0.8700,-4.3900,4.8800,3.7200,0.4200
1996-11,36.3058,-9.4246,5.2772,-24.9583,6.2500,-4.0400,1.4000,-2.3500,0.4100
1996-12,-8.5575,10.4277,7.6834,5.5324,-1.7000,3.1200,1.2800,0.5300,0.4600
1997-01,11.3194,-1.6650,-7.0170,12.2057,4.9600,-1.9300,-1.4400,1.8700,0.4500
1997-02,-1.2617,-7.5649,25.1983,-11.6854,-0.4800,-3.1600,5.6100,-2.1800,0.3900
1997-03,-11.9864,-0.7049,10.4620,5.1484,-5.0200,-0.3300,3.3900,0.8800,0.4300
1997-04,6.8935,-6.4537,0.0000,33.5756,4.0400,-5.7400,0.0000,4.8300,0.4300
1997-05,7.9051,4.1009,-13.8500,-23.9058,6.7300,5.1200,-4.1100,-5.1900,0.4900
1997-06,6.7936,1.6104,2.7401,19.0093,4.1000,1.2100,1.4400,2.5900,0.3700
1997-07,15.2790,-2.8125,0.6350,54.8412,7.3100,-2.7300,0.1300,3.7000,0.4300
1997-08,-7.6197,9.4877,5.4259,-23.1310,-4.1000,7.1500,1.1300,-2.5700,0.4100
1997-09,8.6900,2.9702,1.1672,12.2352,5.3400,2.5400,0.2400,1.4600,0.4400
1997-10,-6.2365,-0.8250,10.9230,-3.2995,-3.8000,-0.7100,2.3300,-0.5300,0.4200
1997-11,1.0807,-8.1581,1.1399,1.2606,2.9900,-5.1100,1.2200,0.3800,0.3900
1997-12,1.6289,-6.5477,10.4497,30.8414,1.3300,-2.4800,3.7400,3.9100,0.4800
1998-01,0.2249,-1.1672,-3.2517,0.3524,0.1500,-1.0100,-1.6800,0.0500,0.4300
1998-02,8.8247,0.2775,-3.1634,-8.3980,7.0300,0.1300,-0.9300,-1.1900,0.3900
1998-03,15.3328,-2.8448,8.7386,59.3376,4.7600,-1.1900,1.3800,2.1300,0.3900
1998-04,2.1893,0.2609,5.0008,7.8941,0.7400,0.0600,1.0300,0.7600,0.4300
1998-05,-5.4768,-8.6922,11.0790,15.0788,-3.0700,-3.4000,3.4100,1.9100,0.4000
1998-06,10.9883,-6.4495,-6.5697,75.4204,3.1900,-3.1700,-2.0300,7.2600,0.4100
1998-07,-3.8150,-8.1889,-3.5477,20.5674,-2.4200,-4.8300,-1.8300,3.7900,0.4000
1998-08,-23.3135,-7.2155,13.8426,7.3321,-16.0500,-5.4700,3.5700,1.9000,0.4300
1998-09,1.8672,-0.0129,-4.5026,-2.6297,6.1900,-0.0200,-3.5100,-0.6500,0.4600
1998-10,2.2228,-1.4798,-1.9414,-14.1740,6.9800,-2.9800,-2.3300,-5.3300,0.3200
1998-11,2.9046,0.3938,-2.9223,1.3791,6.0700,1.2600,-3.2400,1.1300,0.3100
1998-12,9.3872,-0.5368,-14.2047,18.8870,6.1500,-0.4600,-4.2500,8.8700,0.3800
1999-01,3.4743,0.6876,-9.3370,3.6902,3.4800,0.6700,-4.4600,2.8400,0.3500
1999-02,-3.9910,-8.5154,4.9447,-0.2367,-4.0800,-6.0200,1.9500,-0.1400,0.3500
1999-03,2.9640,-4.7378,-3.6302,-4.4443,3.4800,-3.8400,-2.6100,-1.2100,0.4300
1999-04,4.3119,5.0016,3.1105,-28.9247,4.3400,3.8900,2.4000,-8.9800,0.3700
1999-05,-2.6247,2.8104,1.0130,-1.9657,-2.4600,3.3200,2.4900,-5.2500,0.3400
1999-06,4.8629,3.0656,-6.1085,8.5062,4.7700,3.2300,-3.2200,4.6600,0.4000
1999-07,-4.0734,3.9653,-0.2284,4.6930,-3.4900,2.4800,-0.1800,1.7000,0.3800
1999-08,-2.4197,-1.9075,-4.4960,8.6115,-1.3700,-0.9500,-1.9300,2.9800,0.3900
1999-09,-2.9592,4.1622,-3.6942,18.5591,-2.7700,3.1200,-2.9000,6.3800,0.3900
1999-10,6.8715,-14.2060,-4.5532,15.4215,6.0900,-6.9400,-2.8800,5.4500,0.3900
1999-11,2.2198,4.1543,-9.6940,9.5081,3.4100,6.8700,-5.6500,5.4900,0.3600
1999-12,15.3430,7.6713,-9.9202,56.2391,7.6600,6.5600,-7.6600,13.1400,0.4400
2000-01,-11.2133,5.0730,-1.8035,3.0634,-4.7400,5.1600,-1.1200,1.8600,0.4100
2000-02,1.2358,8.2496,-6.7189,13.8594,2.4600,21.2500,-9.7700,18.0200,0.4300
2000-03,5.3378,-5.0772,8.4677,-5.0351,5.2100,-17.4100,8.5000,-6.8500,0.4700
2000-04,-2.8011,-0.8704,3.6522,-2.1218,-6.3900,-6.0000,6.4500,-8.6000,0.4600
2000-05,-1.0999,-0.8661,1.8541,-1.2905,-4.3900,-6.0800,4.5900,-8.9900,0.5000
2000-06,1.9603,8.0885,-4.6246,9.0724,4.6800,12.7100,-8.0400,16.6300,0.4000
2000-07,-2.1907,-1.3497,4.6693,-0.1356,-2.4800,-2.8400,8.0600,-0.1600,0.4800
2000-08,7.1328,-0.5383,-0.7662,7.7713,7.0300,-0.5000,-1.3700,5.5900,0.5000
2000-09,-14.1128,-2.4623,11.5925,5.0795,-5.4400,-1.7400,7.2400,1.8900,0.5100
2000-10,-4.0084,-6.5457,3.4234,-8.0313,-2.7800,-3.8500,5.5800,-4.5600,0.5600
2000-11,-4.3176,-2.8170,4.5243,-1.6221,-10.7000,-3.0800,12.2400,-2.1700,0.5100
2000-12,0.6996,0.7663,2.0991,9.6053,1.1800,0.8200,7.5500,6.5900,0.5000
2001-01,1.2490,5.6080,-1.5604,-20.0179,3.2500,6.4100,-5.0500,-25.3500,0.5400
2001-02,-4.4471,-0.6521,3.4441,2.4994,-10.0300,-0.6500,12.2300,12.6000,0.3800
2001-03,-7.2466,0.4474,3.5974,3.5726,-7.2500,0.2600,6.4700,8.6500,0.4200
2001-04,3.0598,0.7015,-1.8437,-2.2852,7.9300,0.5000,-4.6400,-8.0100,0.3900
2001-05,0.2304,3.0373,1.2192,0.3594,0.6800,2.4800,3.3800,2.1500,0.3200
2001-06,-1.9532,15.1592,-1.1491,0.2671,-1.9400,6.3500,-1.2600,0.6200,0.2800
2001-07,-3.5875,-3.3133,6.9807,5.8544,-2.1300,-4.0500,4.9500,5.4800,0.3000
2001-08,-6.3994,1.3716,3.6908,4.6047,-6.4000,2.1900,2.8600,5.4600,0.3100
2001-09,-12.6496,-20.1730,4.0698,9.6904,-9.2400,-6.2300,1.5200,11.3800,0.2800
2001-10,0.9697,9.5325,-20.8463,-6.1568,2.4800,7.4900,-7.3100,-8.3200,0.2200
2001-11,5.9681,-0.6640,3.4490,-6.9964,7.5300,-0.5700,2.1700,-8.6100,0.1700
2001-12,2.1431,8.5533,2.5549,0.0207,1.6100,4.7200,0.8300,0.0200,0.1500
2002-01,-2.1811,1.7807,10.7198,8.2223,-1.4400,1.1700,3.4200,3.6500,0.1400
2002-02,-3.1855,-1.6211,8.0767,18.4631,-2.3000,-1.0800,2.3400,6.8300,0.1300
2002-03,4.7779,6.0331,4.2051,-3.1278,4.2400,4.0900,1.0800,-1.6900,0.1300
2002-04,-7.5669,11.0419,32.1827,18.1581,-5.2100,5.8200,4.0100,7.7000,0.1500
2002-05,-1.7280,-5.3173,4.2563,5.4461,-1.3600,-3.2700,1.5200,3.0900,0.1400
2002-06,-5.4008,7.2577,0.3985,3.5425,-7.2300,4.0800,0.3700,6.2400,0.1300
2002-07,-6.5742,-7.0791,-3.0187,3.6386,-8.1900,-5.2500,-3.5100,3.6300,0.1500
2002-08,0.0992,-1.1377,3.4029,0.7731,0.5000,-2.8000,3.0100,1.8700,0.1400
2002-09,-3.3235,1.5135,2.6504,6.0433,-10.3400,2.4200,1.2600,9.1800,0.1400
2002-10,3.2104,-3.9683,-9.8049,-6.2401,7.8400,-3.4000,-3.7600,-5.5800,0.1400
2002-11,1.5329,2.1151,-2.3690,-12.2181,5.9600,3.2600,-1.1600,-16.4300,0.1200
2002-12,-3.6983,-0.0673,9.9485,3.8384,-5.7600,-0.0400,2.1100,9.7200,0.1100
2003-01,-2.8491,3.6349,-4.1670,1.4730,-2.5700,1.3400,-0.7900,1.5900,0.1000
2003-02,-1.1215,-1.3082,-5.3773,1.0910,-1.8800,-0.4400,-1.3600,1.2100,0.0900
2003-03,1.3123,2.4934,-27.3811,5.9362,1.0900,1.1700,-2.1100,1.4000,0.1000
2003-04,4.1472,0.8020,5.3435,-11.7731,8.1800,0.7600,1.2200,-9.3500,0.1000
2003-05,5.9772,10.0966,3.6366,-17.5043,6.0500,4.6100,0.7000,-10.7500,0.0900
2003-06,1.8796,2.2762,0.4599,-2.8945,1.4200,1.7000,0.1400,-1.2300,0.1000
2003-07,3.2746,12.7647,-6.7581,-1.3828,2.3300,4.9300,-1.5300,-0.3000,0.0700
2003-08,3.3052,3.0264,6.5714,-5.7501,2.3300,2.4400,1.6400,-0.5300,0.0700
2003-09,-3.4842,1.2505,1.1004,-0.6543,-1.2400,0.8500,0.1400,-0.0700,0.0800
2003-10,8.8555,3.5977,28.9764,14.7945,6.0800,2.5900,2.2100,4.0100,0.0700
2003-11,2.5684,3.1811,18.4868,3.2173,1.3500,2.0600,1.7200,1.3600,0.0700
2003-12,11.7861,-5.2197,11.4668,-17.6404,4.2900,-2.6800,1.5100,-5.5400,0.0800
2004-01,6.2006,2.7578,37.8534,5.9174,2.1500,2.5400,2.4200,2.5700,0.0700
2004-02,4.3783,-2.2727,4.0017,-4.2401,1.4000,-1.5700,0.9500,-1.1700,0.0600
2004-03,-5.2254,2.1647,1.7404,0.3850,-1.3200,1.7300,0.2300,0.1900,0.0900
2004-04,-2.4332,-2.6364,-32.9321,-12.3027,-1.8100,-1.7300,-3.2300,-5.3400,0.0800
2004-05,2.5478,-0.4215,-1.3473,4.5019,1.1800,-0.2300,-0.1800,1.4900,0.0600
2004-06,4.5085,6.1925,10.2411,9.7642,1.8500,2.2500,1.2100,2.0800,0.0800
2004-07,-13.8147,-6.7627,39.7794,-14.9652,-4.0400,-3.7600,3.2200,-2.2400,0.1000
2004-08,0.2066,-1.6494,2.7796,-8.3620,0.0700,-1.5200,1.0800,-1.5500,0.1100
2004-09,2.8429,5.3955,-0.1886,37.2991,1.6000,3.0100,-0.0500,5.4800,0.1100
2004-10,5.4368,0.2611,-1.3309,-5.1684,1.4200,0.1300,-0.2600,-1.4300,0.1100
2004-11,10.3239,9.4845,4.5565,8.9359,4.5300,3.7400,1.5700,3.0800,0.1500
2004-12,11.6175,-0.0953,-1.8583,-11.6650,3.4200,-0.0300,-0.2300,-2.8500,0.1600
2005-01,-10.5350,-4.1226,12.2710,11.8624,-2.7500,-1.6600,2.0600,2.9600,0.1600
2005-02,5.6099,-1.0204,12.2574,20.9371,1.8800,-0.5700,1.4100,3.4300,0.1600
2005-03,-6.1865,-5.0561,17.3193,2.1161,-1.9400,-1.4100,2.0700,0.4300,0.2100
2005-04,-9.3074,-9.9709,0.3504,-1.7075,-2.6100,-3.9300,0.0500,-0.6800,0.2100
2005-05,5.6329,6.3470,-5.4186,1.0378,3.6500,2.8600,-0.5800,0.3700,0.2400
2005-06,1.7977,8.2573,19.7673,7.4498,0.5800,2.5600,2.8000,2.0700,0.2300
2005-07,19.7364,8.7707,-5.6897,0.2691,3.9200,2.8700,-0.7800,0.0300,0.2400
2005-08,-4.8968,-1.8388,12.6431,10.9066,-1.2000,-1.0700,1.3400,2.0700,0.3000
2005-09,1.8272,-1.6231,15.3923,21.7796,0.4800,-0.6200,0.7800,3.4600,0.2900
2005-10,-8.5738,-5.2020,5.1948,-9.5617,-2.0400,-1.3000,0.4300,-1.1900,0.2700
2005-11,5.1666,1.8411,-14.1691,0.6379,3.6100,1.0500,-1.1900,0.3400,0.3100
2005-12,-1.1240,-0.9990,2.2926,2.7957,-0.2400,-0.4400,0.1500,0.7800,0.3200
2006-01,18.1194,19.6812,23.2556,18.1623,3.0300,5.4600,0.9900,2.5200,0.3500
2006-02,-0.8950,-0.9377,-5.0483,-9.9970,-0.3000,-0.4100,-0.3100,-1.7800,0.3400
2006-03,6.1508,22.0690,7.2250,6.3389,1.4700,3.3900,0.6100,1.2600,0.3700
2006-04,3.5272,-2.9657,49.2775,2.5850,0.7300,-1.3800,2.2600,0.6000,0.3600
2006-05,-17.2544,-6.4307,31.5623,-18.5868,-3.5600,-3.0100,2.3800,-3.6600,0.4300
2006-06,-0.6758,-0.6336,7.6172,2.4317,-0.3500,-0.3500,0.8500,1.5500,0.4000
2006-07,-0.8790,-3.5359,39.6658,-2.7952,-0.7700,-3.9500,2.6200,-2.0400,0.4000
2006-08,3.2406,1.1365,-10.5256,-16.2350,2.0300,0.9900,-1.9500,-3.3600,0.4200
2006-09,8.5881,-1.8004,0.5123,-6.5031,1.8400,-1.3000,0.0600,-0.9800,0.4100
2006-10,15.3004,3.5428,-5.7450,-2.5123,3.2200,1.7700,-0.3300,-0.2500,0.4100
2006-11,8.8505,1.1889,0.4670,-20.7099,1.7000,0.6300,0.0400,-1.0400,0.4200
2006-12,3.4394,-2.3989,42.9226,14.2775,0.8500,-1.1600,2.7400,0.7900,0.4000
2007-01,10.2387,0.2748,-6.6590,5.3399,1.3800,0.0900,-0.6800,0.1700,0.4400
2007-02,-11.1285,2.8896,-0.8614,-25.1827,-1.9600,1.2300,-0.0800,-1.2900,0.3800
2007-03,1.3861,0.4545,-13.8713,47.9158,0.7100,0.0900,-0.8800,2.5800,0.4300
2007-04,6.1301,-10.2521,-26.9159,-2.3979,3.4900,-2.2100,-1.4400,-0.1600,0.4400
2007-05,15.9117,0.6769,-8.0239,-7.2849,3.2300,0.1600,-0.5900,-0.3300,0.4100
2007-06,-7.3857,1.6811,-20.5758,8.1857,-1.9600,0.7300,-1.0500,0.5200,0.4000
2007-07,-7.4478,-17.6052,-123.8646,30.9928,-3.7200,-2.6600,-3.6800,2.8400,0.4000
2007-08,1.1324,-0.6965,-16.5118,-0.2415,0.9400,-0.1100,-1.8700,-0.0300,0.4200
2007-09,1.8762,-2.0994,-4.0050,5.1476,3.2200,-2.2500,-2.1700,4.4300,0.3200
2007-10,2.7686,0.6976,-25.4377,32.1778,1.7900,0.1900,-2.8700,5.0300,0.3200
2007-11,-7.9555,-7.2197,-6.8351,2.3452,-4.8000,-2.8100,-1.0900,1.1200,0.3400
2007-12,-0.4611,0.2938,-1.1946,7.0686,-0.8700,0.1100,-0.5100,6.5600,0.2700
2008-01,-7.5665,-1.8191,45.8141,-12.1404,-6.3300,-1.0200,4.0000,-7.7400,0.2100
2008-02,-1.9028,-0.7184,-0.8171,2.5703,-3.0900,-0.4800,-0.7200,6.1300,0.1300
2008-03,-0.8381,1.5283,2.1923,4.7857,-0.9400,0.7100,0.3100,4.2500,0.1700
2008-04,2.0815,-3.0965,-3.1899,-0.1642,4.6100,-1.6900,-0.9600,-0.3300,0.1800
2008-05,1.9193,4.9908,-4.4899,2.3277,1.8700,2.9700,-1.5000,3.3900,0.1800
2008-06,-15.7192,3.3338,-31.8298,16.2154,-8.4300,1.1500,-2.5100,12.7100,0.1700
2008-07,-0.6552,4.1986,31.0690,-2.7745,-0.7500,2.6000,5.2000,-5.0200,0.1500
2008-08,1.0104,2.8964,0.2143,-0.5482,1.5300,3.4000,1.5200,-4.4800,0.1300
2008-09,-8.1222,-1.3554,2.5491,0.2649,-9.3500,-1.0700,5.6600,0.8600,0.1500
2008-10,-2.2016,-0.5504,-0.2262,1.7748,-17.2000,-2.3100,-1.8900,7.8700,0.0800
2008-11,-0.4001,-0.3561,-0.9724,3.2480,-7.7400,-3.0100,-6.2100,7.2800,0.0300
2008-12,0.1425,1.1205,0.0101,-0.6194,1.7700,3.5200,0.0500,-5.0900,0.0000
2009-01,-1.1219,0.0193,-2.9823,-0.6193,-8.0900,0.0400,-11.0200,-2.3600,0.0000
2009-02,-2.4324,0.0873,-1.3614,0.5567,-10.1400,0.1400,-6.6000,4.3600,0.0100
2009-03,2.7247,-0.0691,0.8612,-2.9368,9.0100,-0.1000,3.4800,-11.8300,0.0200
2009-04,1.4038,2.7820,0.6226,-2.9835,10.1700,5.4000,5.3800,-34.3400,0.0100
2009-05,1.8416,-1.2826,0.0652,-1.1526,5.2100,-2.4100,0.4100,-12.5300,0.0000
2009-06,0.1837,1.6385,-0.7055,0.8934,0.4200,2.5800,-2.7600,5.4500,0.0100
2009-07,6.0743,1.3806,9.7515,-2.4563,7.7400,1.7500,4.8900,-5.5400,0.0100
2009-08,2.4763,-1.4894,5.3024,-6.7451,3.3300,-1.1200,7.6000,-9.1000,0.0100
2009-09,4.9998,3.7919,0.7987,-4.3148,4.0800,2.4300,1.1500,-4.8700,0.0100
2009-10,-3.6377,-18.0781,-3.0833,3.6032,-2.5300,-4.2600,-4.1700,2.4900,0.0000
2009-11,4.0303,-4.5148,-0.1920,0.9621,5.6300,-2.5000,-0.3300,0.3900,0.0000
2009-12,3.7860,6.3560,-0.2156,15.8605,2.8000,6.0100,-0.1100,3.0000,0.0100
2010-01,-9.6262,0.5815,1.4394,-32.0644,-3.3500,0.4300,0.3300,-5.3300,0.0000
2010-02,4.9353,4.0588,4.5814,8.2763,3.3900,1.1800,3.1800,3.6900,0.0000
2010-03,7.5442,5.5532,4.3254,8.6718,6.3000,1.4600,2.1900,3.5700,0.0100
2010-04,7.4001,10.8143,10.0352,9.0470,1.9900,4.8400,2.9600,3.1600,0.0100
2010-05,-12.0693,0.1720,-2.6366,-0.4831,-7.9000,0.1300,-2.4800,-0.2000,0.0100
2010-06,-1.8386,-1.6370,-4.1361,-2.4361,-5.5600,-1.7900,-4.7300,-2.7000,0.0100
2010-07,3.2856,0.2131,-0.5586,3.5037,6.9200,0.2200,-0.5000,1.7800,0.0100
2010-08,-3.6746,-1.8754,-5.3966,0.1235,-4.7800,-3.0100,-1.7300,0.0400,0.0100
2010-09,9.2371,3.5306,-16.4310,20.9719,9.5500,3.8200,-3.0200,1.3800,0.0100
2010-10,4.3204,1.5614,-8.2073,18.5461,3.8700,1.0800,-2.4600,1.4600,0.0100
2010-11,1.4333,7.8312,-3.3368,22.3677,0.5900,3.6700,-0.9000,2.7300,0.0100
2010-12,10.7014,1.4801,13.1543,-18.2564,6.8200,0.7200,3.5600,-3.0000,0.0100
2011-01,6.6999,-7.8144,2.6431,-3.0527,1.9800,-2.2900,0.6100,-0.3000,0.0100
2011-02,9.9014,1.6286,5.3969,7.9949,3.4800,1.5000,1.1800,1.8800,0.0100
2011-03,1.0148,5.4629,-12.6027,23.5179,0.4500,2.4900,-1.8400,3.4500,0.0100
2011-04,3.4905,-0.8072,-14.7093,0.1801,2.9000,-0.4200,-2.4400,0.0500,0.0000
2011-05,-5.0249,-2.6475,-14.5816,-2.4791,-1.2700,-0.7300,-1.8500,-0.6000,0.0000
2011-06,-4.5626,-0.3510,-1.7487,3.9085,-1.7400,-0.2700,-0.2000,1.8200,0.0000
2011-07,-2.7416,-2.1771,-4.1434,0.6200,-2.3500,-1.1700,-0.9100,0.2000,0.0000
2011-08,-8.3834,-8.3900,-6.0915,-1.3064,-5.9600,-2.9600,-2.4300,-0.2700,0.0100
2011-09,-1.0258,-2.2717,-1.1601,-2.3278,-7.5800,-3.1200,-1.5300,-2.4000,0.0000
2011-10,4.3316,2.5434,0.0549,-1.9916,11.3300,3.0500,0.0600,-1.4000,0.0000
2011-11,-0.0913,-0.0644,-0.5206,2.6015,-0.2700,-0.1800,-0.5200,3.8800,0.0000
2011-12,0.2611,-0.6142,2.5133,2.4003,0.7500,-0.5600,1.5400,1.8300,0.0000
2012-01,4.6376,3.1439,-1.7582,-9.6095,5.0500,2.0100,-0.9300,-8.0100,0.0000
2012-02,17.8160,-6.3630,1.5381,-0.3163,4.4200,-1.8400,0.4200,-0.2600,0.0000
2012-03,11.3147,-0.9551,6.8213,4.0916,3.1200,-0.6300,1.1900,1.3100,0.0000
2012-04,-1.8402,-0.6796,-3.4217,8.2159,-0.8500,-0.3700,-0.7700,3.7200,0.0000
2012-05,-9.6088,0.3504,-3.1205,15.2653,-6.1700,0.1200,-0.9500,6.4400,0.0100
2012-06,6.7847,1.7434,1.4899,-2.4698,3.8900,0.7200,0.5500,-1.1000,0.0000
2012-07,0.6041,-9.4075,-0.3194,5.5853,0.7900,-2.7600,-0.0600,3.0000,0.0000
2012-08,4.4317,1.0126,3.5624,-5.1051,2.5400,0.5000,1.2300,-2.3500,0.0100
2012-09,9.6005,0.7353,11.9314,-3.1012,2.7300,0.4500,1.6200,-1.1300,0.0100
2012-10,-4.6022,-4.6246,17.4557,0.1678,-1.7600,-1.0900,3.5200,0.0500,0.0100
2012-11,2.4116,2.0729,-2.5594,2.5316,0.7800,0.6000,-0.8600,0.5300,0.0100
2012-12,1.7068,6.7378,15.3844,-16.7140,1.1800,1.5000,3.4800,-2.9300,0.0100
2013-01,15.8896,0.9437,5.1739,-12.7896,5.5700,0.2900,1.0100,-1.8200,0.0000
2013-02,3.8787,-1.1288,1.6254,10.6380,1.2800,-0.3000,0.2100,1.2300,0.0000
2013-03,8.7239,8.6593,-1.4991,40.1334,4.0400,0.8300,-0.2200,1.9200,0.0000
2013-04,8.7859,-19.1838,3.8977,1.2012,1.5600,-2.3700,0.4400,0.2200,0.0000
2013-05,4.2202,3.1859,12.0938,-8.1294,2.8000,1.7000,2.6700,-2.0100,0.0000
2013-06,-3.0073,2.6464,-0.2994,2.7385,-1.2000,1.3100,-0.0500,0.4300,0.0000
2013-07,7.2547,7.5469,2.9597,8.5797,5.6500,1.8100,0.5800,1.7400,0.0000
2013-08,-13.5020,1.4422,-11.4014,0.3924,-2.7100,0.3200,-2.7300,0.0400,0.0000
2013-09,9.6229,5.7320,-8.4413,14.8375,3.7700,2.8900,-1.1800,3.0200,0.0000
2013-10,19.5039,-7.9608,6.7440,0.1359,4.1700,-1.5600,1.2200,0.0200,0.0000
2013-11,5.6473,4.6016,1.3384,1.5040,3.1100,1.3100,0.1900,0.3900,0.0000
2013-12,10.4613,-0.9635,0.0000,0.0522,2.8100,-0.4400,0.0000,0.0200,0.0000
2014-01,-12.9475,1.7148,-22.7967,14.6167,-3.3200,0.9300,-1.9900,1.6100,0.0000
2014-02,9.0084,1.3401,-1.7225,7.4690,4.6600,0.3600,-0.3500,2.1300,0.0000
2014-03,0.8735,-3.9661,24.3862,-25.5441,0.4300,-1.8600,4.9000,-3.2700,0.0000
2014-04,-0.5143,-6.0945,3.2419,-15.2393,-0.1800,-4.1800,1.2200,-3.8200,0.0000
2014-05,3.4305,-2.7496,-0.2598,1.1351,2.0500,-1.8500,-0.1000,0.8900,0.0000
2014-06,10.7138,2.9878,-3.0340,4.5907,2.6000,3.0500,-0.7100,0.6500,0.0000
2014-07,-17.2503,-8.4226,-0.7835,-3.2481,-2.0300,-4.1800,-0.0800,-0.1700,0.0000
2014-08,11.3934,0.6580,-1.8102,8.8571,4.2400,0.4100,-0.5700,0.8300,0.0000
2014-09,-10.0417,-10.2612,-13.0593,6.6153,-1.9600,-3.5900,-1.4700,0.6000,0.0000
2014-10,9.0412,7.8790,-9.5400,-2.8962,2.5100,4.0500,-1.6300,-0.2100,0.0000
2014-11,2.3603,-1.3291,-9.7693,2.4704,2.5600,-2.0500,-3.1300,0.6900,0.0000
2014-12,-0.8181,3.9354,6.9480,3.5489,-0.0500,2.5300,2.1200,1.0300,0.0000
2015-01,-4.2037,-0.6989,-12.8055,11.6750,-3.1000,-0.5900,-3.4500,3.7400,0.0000
2015-02,7.4770,1.0154,-5.3464,-4.6837,6.1300,0.6100,-1.7900,-3.1000,0.0000
2015-03,-3.7597,18.6605,-1.1312,5.1271,-1.1100,3.0500,-0.3800,2.7000,0.0000
2015-04,1.0563,-6.1136,4.4625,-20.8256,0.5900,-2.9900,1.8000,-7.2700,0.0000
2015-05,6.2131,2.1632,-3.1275,8.1280,1.3700,0.9500,-1.1100,5.6800,0.0000
2015-06,-5.3262,13.0666,-8.2644,11.1760,-1.5200,2.9400,-0.8200,3.0100,0.0000
2015-07,4.1066,-14.5711,-27.2224,62.0998,1.5700,-4.1700,-4.1600,9.9700,0.0000
2015-08,-14.3595,0.8296,9.3363,-2.9381,-6.0200,0.3700,2.7500,-2.1600,0.0000
2015-09,-1.5514,-2.7205,0.7476,4.3180,-3.0600,-2.6300,0.5500,5.2400,0.0000
2015-10,5.4734,-2.6456,-0.4332,-4.2856,7.7500,-1.9000,-0.4700,-3.1900,0.0000
2015-11,0.9084,4.5078,-0.4984,1.3345,0.5700,3.5800,-0.4300,2.2900,0.0000
2015-12,-5.4753,-5.7976,-11.9103,5.1435,-2.1500,-2.8000,-2.5700,3.3400,0.0100
2016-01,-5.8480,-6.7546,4.9775,1.7153,-5.7400,-3.4000,2.0800,1.6000,0.0100
2016-02,-0.0374,0.7997,-0.7314,-3.1905,-0.0600,0.7300,-0.6100,-4.3500,0.0200
2016-03,6.9732,1.6489,1.5154,-2.9227,6.9500,0.7500,1.2200,-5.0400,0.0200
2016-04,1.8085,0.5941,6.8501,-2.4904,0.9200,0.7700,3.2200,-5.9800,0.0100
2016-05,5.5314,-0.6472,-2.3355,1.9989,1.7800,-0.1800,-1.6200,1.4700,0.0100
2016-06,-0.0786,1.3679,-3.0257,5.8242,-0.0300,0.6000,-1.4900,4.2000,0.0200
2016-07,3.4913,5.6227,-3.2031,-2.8633,3.9400,2.4500,-1.2400,-3.3100,0.0200
2016-08,2.4784,2.5859,7.7084,-6.3949,0.4900,1.1700,3.1700,-3.4100,0.0200
2016-09,2.2972,6.9000,-3.3844,0.6487,0.2700,2.0800,-1.1900,0.2600,0.0200
2016-10,-3.2665,-16.8904,10.7375,4.4942,-2.0100,-4.3900,4.1100,0.5100,0.0200
2016-11,32.9027,14.6110,27.8594,-25.7093,4.8600,5.6000,8.2900,-4.7700,0.0100
2016-12,4.6413,0.0907,3.1879,-0.4189,1.8100,0.1400,3.4700,-0.2700,0.0300
2017-01,9.4934,-1.7165,-5.5133,-6.9555,1.9400,-1.1600,-2.7600,-0.9300,0.0400
2017-02,22.8447,-3.0702,-3.2749,-5.2792,3.5500,-2.1500,-1.5000,-1.5100,0.0400
2017-03,1.6958,2.3157,-13.3584,-6.7112,0.1700,1.1300,-3.3300,-0.9700,0.0300
2017-04,4.3494,1.1923,-4.2382,1.2739,1.0800,0.6600,-2.0500,0.4800,0.0500
2017-05,6.3551,-4.3152,-13.6674,10.3782,1.0700,-2.5200,-3.8200,1.5000,0.0600
2017-06,3.7913,8.5746,5.1051,-0.3792,0.7900,2.2100,1.5000,-0.1000,0.0600
2017-07,9.7841,-2.8074,-0.1805,3.5049,1.8800,-1.4500,-0.2300,1.6300,0.0700
2017-08,1.8505,-6.0891,-5.2219,10.2065,0.1800,-1.6700,-2.1300,3.3100,0.0900
2017-09,8.5465,10.8343,11.6407,-6.5380,2.4900,4.4500,3.1500,-1.3500,0.0900
2017-10,21.0608,-6.0788,0.3841,14.2534,2.2600,-1.9300,0.1300,4.2100,0.0900
2017-11,33.2333,-1.9214,-0.4189,-6.0864,3.1200,-0.6000,-0.0900,-0.9400,0.0800
2017-12,7.4059,-2.5103,0.1151,-2.6562,1.0600,-1.3200,0.0500,-1.5500,0.0900
2018-01,56.1732,-7.7648,-4.4411,10.2625,5.5800,-3.1600,-1.3200,4.0800,0.1100
2018-02,-13.0857,0.4485,-7.9319,20.9443,-3.6400,0.2700,-1.1000,3.6800,0.1100
2018-03,-1.2768,10.1098,-1.1626,-6.1600,-2.3500,4.0500,-0.2100,-1.2000,0.1200
2018-04,0.2333,1.7571,2.6544,0.7796,0.2700,1.0900,0.5300,0.4500,0.1400
2018-05,3.1296,22.6936,-7.0026,11.2399,2.6600,5.2400,-3.1400,3.9100,0.1400
2018-06,1.5909,1.4857,-6.9921,-15.3949,0.4900,1.1100,-2.3300,-2.2600,0.1400
2018-07,13.0750,-4.7430,1.3893,-5.1044,3.2000,-2.2300,0.4900,-1.4300,0.1600
2018-08,14.5777,1.2823,-4.2582,14.1566,3.4500,1.1400,-3.9100,5.3000,0.1600
2018-09,0.3249,-5.9572,-7.7404,-0.2547,0.0600,-2.2900,-1.6200,-0.0800,0.1500
2018-10,-82.7569,-22.6616,7.9038,-4.1295,-7.6500,-4.7000,3.3800,-2.0600,0.1900
2018-11,0.9842,-0.5549,0.2380,-1.8566,1.7100,-0.7300,0.3600,-1.4000,0.1800
2018-12,-8.6560,-2.6382,-1.7005,4.3931,-9.5500,-2.3100,-1.9200,1.7600,0.1900
2019-01,3.3221,4.2216,-0.4351,-36.8202,8.3700,2.7600,-0.3900,-8.6200,0.2100
2019-02,3.0261,5.9598,-3.4303,0.6901,3.4200,2.0500,-2.6600,0.5000,0.1800
2019-03,5.4279,-15.1478,-10.6707,13.0715,1.1000,-3.0300,-4.1400,2.2400,0.1900
2019-04,8.6505,-3.0551,4.4695,-14.6487,3.9700,-1.7400,2.1300,-2.9100,0.2100
2019-05,-44.7460,-2.5940,-5.4015,16.4983,-6.9200,-1.2600,-2.4500,7.5500,0.2100
2019-06,9.3264,0.2327,-1.9120,-4.6799,6.9900,0.1100,-0.6400,-2.2400,0.1800
2019-07,2.8801,-2.5289,0.6719,3.5840,1.2300,-1.9600,0.5000,2.9200,0.1900
2019-08,-11.3100,-4.2038,-8.1253,12.8529,-2.5500,-2.3900,-4.7700,7.5100,0.1600
2019-09,0.8671,-2.8534,10.9908,-7.9621,1.4100,-0.9700,6.7600,-6.7400,0.1800
2019-10,7.9309,0.3100,-1.5891,0.0639,2.0700,0.2700,-1.9200,0.1300,0.1500
2019-11,6.8475,1.9206,-4.3130,-4.4178,3.8700,0.7200,-2.0000,-2.6300,0.1200
2019-12,21.6688,2.2645,3.3760,-2.4830,2.7700,0.7600,1.7300,-2.2200,0.1400
2020-01,-0.6144,-15.6945,-19.1882,29.6418,-0.1100,-3.1000,-6.2200,6.0200,0.1300
2020-02,-20.4566,2.7966,-11.1165,-0.7930,-8.1500,1.0800,-3.8200,-0.2800,0.1200
2020-03,-7.9971,-17.0268,-18.0189,19.3370,-13.3700,-4.6900,-13.8300,8.2100,0.1200
2020-04,0.5289,0.3357,-0.1857,-3.3979,13.6000,2.5000,-1.3400,-5.4800,0.0000
2020-05,1.0664,0.9754,-0.7497,0.0311,5.5700,2.4000,-5.0000,0.1600,0.0100
2020-06,1.5477,1.5907,-0.2441,-0.1316,2.4500,2.6700,-2.1700,-0.8300,0.0100
2020-07,2.2388,-2.8489,-0.2417,0.7697,5.8300,-2.3500,-1.4400,7.7100,0.0100
2020-08,11.6631,-0.1197,-0.5932,0.1168,7.6200,-0.2000,-3.0200,0.4600,0.0100
2020-09,-13.2577,0.0598,-0.8447,1.0474,-3.6400,0.0600,-2.7200,3.1900,0.0100
2020-10,-1.1314,3.9624,1.6881,-1.2477,-2.0800,4.3400,4.2500,-3.1400,0.0100
2020-11,9.5901,7.7549,1.0112,-5.6202,12.4500,5.8100,2.0900,-12.5500,0.0100
2020-12,5.1506,3.9495,-0.1985,-0.1704,4.6300,5.0100,-1.6800,-2.3700,0.0100
2021-01,-0.3008,5.2820,2.3050,3.2750,-0.0700,7.1400,3.2200,4.3100,0.0000
2021-02,3.7334,0.8307,2.9945,-9.4596,2.8100,2.0200,7.2000,-7.9000,0.0000
2021-03,4.7549,-1.1834,3.5340,-4.7203,3.1600,-2.3300,7.3500,-6.1200,0.0000
2021-04,4.2131,-0.7853,-0.1696,0.2410,4.9500,-3.1900,-1.0200,1.2300,0.0000
2021-05,0.7441,-0.1600,5.8614,0.5888,0.3000,-0.2000,7.0400,0.5600,0.0000
2021-06,4.5168,1.2844,-4.2224,1.8046,2.7400,1.7000,-7.8600,2.0700,0.0000
2021-07,6.0936,-4.1635,-0.6771,-2.8484,1.3400,-3.9300,-1.7900,-2.1800,0.0000
2021-08,6.9104,-0.2717,-0.1520,2.4052,2.9400,-0.3200,-0.2300,2.6300,0.0000
2021-09,-18.0760,0.6773,3.8388,3.2271,-4.4000,0.6600,5.1200,1.3900,0.0000
2021-10,12.6947,-4.2163,-0.3915,8.9749,6.6300,-2.2600,-0.5300,3.3200,0.0000
2021-11,-3.5376,-2.0630,-0.3143,2.9270,-1.5800,-1.3100,-0.3700,0.9600,0.0000
2021-12,6.5531,-1.3703,1.7756,-6.3838,3.2300,-1.6300,3.2500,-2.3900,0.0100
2022-01,-5.8647,-4.1597,4.8765,-2.7977,-6.1600,-5.9300,12.8600,-2.4200,0.0000
2022-02,-1.8378,1.2659,0.6679,3.6174,-2.2800,2.1600,3.0600,1.6600,0.0000
2022-03,2.0980,-1.6791,-0.6154,2.1477,3.0800,-1.5500,-1.9000,2.9400,0.0000
2022-04,-4.7981,-1.0981,1.5970,3.6558,-9.4100,-1.3500,6.1800,5.0000,0.0000
2022-05,-0.1811,-2.3660,3.8029,2.2086,-0.3400,-1.8400,8.4400,2.5400,0.0300
2022-06,-2.6832,1.8188,-1.8243,0.6550,-8.4000,2.0700,-6.0000,1.0900,0.0600
2022-07,3.4194,3.9812,-1.1795,-1.3184,9.5700,2.8400,-4.1500,-4.3600,0.0800
2022-08,-2.9688,1.0809,0.0733,0.6175,-3.7700,1.4100,0.1800,1.8500,0.1900
2022-09,-7.3153,-0.5795,0.0146,1.4624,-9.3400,-0.7600,0.0300,3.6700,0.1900
2022-10,4.2632,0.0142,9.0333,3.6822,7.8500,0.0100,7.9700,3.9000,0.2300
2022-11,1.9823,-4.7079,1.1140,-1.1171,4.6500,-3.5700,1.4800,-1.7000,0.2900
2022-12,-2.6759,-0.8719,0.6673,0.9881,-6.3800,-0.7600,1.3400,4.9100,0.3300
2023-01,6.3504,9.1488,-3.7800,-11.7800,6.6100,5.0100,-3.9400,-16.1700,0.3500
2023-02,-3.0206,1.8508,-1.0727,0.3133,-2.5700,1.0500,-0.8000,0.5500,0.3400
2023-03,3.6589,-5.3991,-6.7548,-1.0108,2.4800,-5.4800,-9.0500,-2.3500,0.3600
2023-04,0.5573,-3.5163,-0.0525,2.1904,0.6200,-3.3700,-0.1200,1.7600,0.3500
2023-05,0.8747,2.0643,-13.2950,-1.2798,0.3400,1.6000,-7.7900,-0.8800,0.3600
2023-06,12.5970,2.2260,-0.1171,-2.8793,6.4600,1.4900,-0.1300,-2.6900,0.4000
2023-07,7.4754,1.3967,2.5115,-6.5571,3.2100,2.0500,4.0600,-4.0600,0.4500
2023-08,-9.8553,-3.8851,-1.2256,6.1985,-2.3600,-3.1400,-1.1500,3.7800,0.4500
2023-09,-10.4828,-7.9545,2.8586,1.0830,-5.2300,-2.5100,1.4900,0.3300,0.4300
2023-10,-8.3422,-7.1922,0.5763,5.4008,-3.1500,-3.8600,0.2000,1.6700,0.4700
2023-11,13.4929,-0.1388,2.7295,4.6823,8.8800,-0.1000,1.6700,2.5600,0.4400
2023-12,9.1725,3.1345,7.0538,-5.5616,4.8500,6.3000,4.8900,-5.5300,0.4300
2024-01,2.1569,-3.0157,-2.8046,6.9368,0.7300,-5.0700,-2.3800,5.4200,0.4700
2024-02,12.8595,-0.1637,-5.9090,7.9649,5.0700,-0.2400,-3.4300,4.9000,0.4200
2024-03,5.9397,-0.9919,5.8003,-0.3518,2.8400,-2.5000,4.1600,-0.3200,0.4300
2024-04,-16.4939,-2.5676,-0.6604,-0.8106,-4.6500,-2.3700,-0.4500,-0.4300,0.4700
2024-05,7.2789,0.7942,-1.6628,-0.1963,4.3300,0.5500,-1.3100,-0.1600,0.4400
2024-06,9.4174,-5.3018,-8.0189,1.7199,2.8000,-3.0000,-3.3600,0.8500,0.4100
2024-07,9.3138,8.5473,8.3620,-5.8396,1.2200,6.8100,5.6200,-2.3500,0.4500
2024-08,2.5486,-1.1546,-0.6160,6.2504,1.6000,-3.4900,-1.1000,4.8100,0.4800
2024-09,1.3731,-0.0844,-3.6110,-1.2583,1.7200,-0.1300,-2.7600,-0.6200,0.4000
2024-10,-1.7671,-1.1046,1.0942,7.8573,-1.0000,-0.9900,0.8600,3.0000,0.3900
2024-11,16.7910,6.1640,0.1966,3.1545,6.4900,4.4600,0.1500,1.0000,0.4000
2024-12,-5.7006,-1.7436,-1.2774,-0.6087,-3.1700,-2.7100,-3.0000,-0.3000,0.3700
2025-01,4.2406,-2.3214,2.8466,1.1702,2.8000,-1.9700,1.6300,0.9600,0.3700
2025-02,-4.3045,-11.8867,3.3609,-0.7210,-2.4400,-5.7900,4.9100,-0.8100,0.3300
2025-03,-12.6759,-3.5833,3.2183,-5.1850,-6.3900,-2.7600,2.9000,-2.8400,0.3400
2025-04,-0.5931,-0.6506,-2.9496,4.0001,-0.8400,-0.5900,-3.4000,4.9700,0.3500
2025-05,0.8524,0.5657,-2.0315,2.2882,6.0600,0.7000,-2.8800,2.2100,0.3800
2025-06,5.3634,1.2697,-4.0461,-2.6890,4.8600,0.8300,-1.6100,-2.6400,0.3400
2025-07,6.1978,0.4183,-5.1808,-2.0389,1.9800,0.2700,-1.2700,-0.9700,0.3400
2025-08,12.0596,3.1551,4.3140,-2.0484,1.8400,3.8700,4.4200,-3.5400,0.3800
2025-09,7.3032,-1.2685,-1.4976,4.6057,3.3900,-1.8500,-1.0500,4.6300,0.3300
2025-10,11.7680,-0.6039,-5.3763,0.4866,1.9600,-0.5500,-3.1000,0.2700,0.3700
2025-11,-0.2050,0.4744,4.4182,-2.5377,-0.1300,0.3800,3.7600,-1.8000,0.3000
2025-12,-0.5468,-0.9508,3.4054,-2.3443,-0.3600,-1.0600,2.4200,-2.4000,0.3400
2026-01,4.2016,3.7131,5.1323,7.7151,1.0200,2.2100,3.7000,4.9500,0.3000
