Date,RF,Mkt-RF_VM,SMB_VM,HML_VM,RMW_VM,CMA_VM,Mom_VM,Mkt-RF,SMB,HML,RMW,CMA,Mom
1963-08,0.002500,0.214413,-0.160414,0.189238,0.035172,-0.016581,0.102148,0.050800,-0.008000,0.017000,0.004000,-0.003800,0.010000
1963-09,0.002700,-0.106220,-0.055338,0.000000,-0.104112,0.010136,0.020236,-0.015700,-0.004300,0.000000,-0.007800,0.001500,0.001200
1963-10,0.002900,0.164295,-0.113180,-0.005311,0.213270,-0.138656,0.417529,0.025400,-0.013400,-0.000400,0.027900,-0.022500,0.031300
1963-11,0.002700,-0.041010,-0.041852,0.061712,-0.012358,0.046426,-0.055123,-0.008600,-0.008500,0.017300,-0.004300,0.022700,-0.007800
1963-12,0.002900,0.011939,-0.049937,-0.012489,0.005185,-0.004851,0.024560,0.018300,-0.018900,-0.002100,0.001200,-0.002500,0.018400
1964-01,0.003000,0.199341,0.005007,0.169325,0.007760,0.027146,0.098369,0.022700,0.001000,0.016300,0.002100,0.014800,0.010200
1964-02,0.002600,0.195511,0.019685,0.094064,0.002134,0.012232,0.040497,0.015500,0.003300,0.028100,0.001100,0.008100,0.003300
1964-03,0.003100,0.412482,0.429881,0.175295,-0.178338,0.131336,0.129663,0.014100,0.014100,0.032900,-0.020300,0.029800,0.006900
1964-04,0.002900,0.022456,-0.152488,-0.024966,-0.079412,-0.050711,-0.162176,0.001100,-0.014800,-0.005400,-0.013200,-0.011300,-0.006400
1964-05,0.002600,0.115342,-0.064380,0.056479,-0.006542,0.006582,0.403248,0.014100,-0.006200,0.018100,-0.001500,0.001300,0.025300
1964-06,0.003000,0.131693,0.014966,0.054698,-0.038862,0.003048,0.065690,0.012700,0.001300,0.006800,-0.003300,0.001000,0.004700
1964-07,0.003000,0.092798,0.106556,0.065039,0.006482,0.098352,-0.047037,0.017400,0.005000,0.007900,0.001500,0.018500,-0.003800
1964-08,0.002800,-0.163681,0.064145,0.007998,0.008055,0.014123,-0.093035,-0.014400,0.002900,0.000700,0.001500,0.003100,-0.002500
1964-09,0.002800,0.144539,-0.047347,0.183931,-0.051013,0.026871,-0.049525,0.026900,-0.003400,0.017200,-0.005000,0.005600,-0.003900
1964-10,0.002900,0.085778,0.240183,0.079444,-0.014197,0.027193,0.041374,0.006000,0.009000,0.010800,-0.002000,0.005200,0.001900
1964-11,0.002900,-0.001134,-0.028339,-0.177058,0.038637,-0.007820,0.258191,-0.000100,-0.002400,-0.020400,0.007100,-0.001600,0.011000
1964-12,0.003100,0.004052,-0.103208,-0.137626,0.068690,-0.062582,-0.209212,0.000400,-0.006500,-0.024300,0.009500,-0.015500,-0.006900
1965-01,0.002800,0.211106,0.645005,0.032185,0.083653,-0.000800,-0.222994,0.035400,0.025000,0.003600,0.009400,-0.000200,-0.013800
1965-02,0.003000,0.060479,0.279508,0.035345,0.025257,-0.028222,0.016446,0.004400,0.032400,0.002200,0.002600,-0.006200,0.002400
1965-03,0.003600,-0.078709,0.199042,0.118598,-0.020213,0.037131,0.042570,-0.013400,0.020800,0.011500,-0.002900,0.006500,0.001700
1965-04,0.003100,0.491503,0.138610,0.082078,0.019513,-0.083349,0.508751,0.031100,0.011400,0.007300,0.002900,-0.022700,0.025300
1965-05,0.003100,-0.112141,0.010804,-0.120701,-0.042473,0.024744,0.102023,-0.007800,0.000500,-0.015500,-0.004200,0.005900,0.005500
1965-06,0.003500,-0.373777,-0.491116,0.030102,0.023096,0.022227,-0.584275,-0.055100,-0.042000,0.002300,0.002400,0.004300,-0.031800
1965-07,0.003100,0.014949,0.013348,0.256180,-0.108725,-0.002490,0.074044,0.014400,0.011000,0.021900,-0.014100,-0.000800,0.040900
1965-08,0.003300,0.109882,0.346975,-0.056818,0.259914,-0.039980,0.175071,0.027300,0.027700,-0.009800,0.020300,-0.008100,0.025800
1965-09,0.003100,0.530329,0.065009,-0.015415,-0.069695,0.031876,0.396644,0.028600,0.007000,-0.001400,-0.008500,0.007300,0.032900
1965-10,0.003100,0.194331,0.667111,0.106687,0.079494,-0.034815,0.230984,0.026000,0.034500,0.015500,0.011900,-0.007600,0.034500
1965-11,0.003500,-0.002175,0.251162,0.011912,-0.041852,-0.075153,0.343114,-0.000200,0.052200,0.001600,-0.010800,-0.008700,0.044000
1965-12,0.003300,0.169437,0.092746,0.228833,-0.093218,-0.031699,-0.007008,0.010100,0.026200,0.021500,-0.013000,-0.005500,-0.001000
1966-01,0.003800,0.047393,0.158631,0.117643,-0.110798,-0.011392,0.168204,0.007200,0.048500,0.032700,-0.026500,-0.002600,0.052800
1966-02,0.003500,-0.184206,0.214195,0.020918,-0.007223,-0.106288,0.184213,-0.012100,0.047900,0.003800,-0.001600,-0.014500,0.045800
1966-03,0.003800,-0.163317,0.004873,-0.158529,0.055304,-0.001426,0.032891,-0.025100,0.002100,-0.021300,0.012900,-0.000500,0.014700
1966-04,0.003400,0.042118,0.061041,-0.012447,0.010680,-0.027826,0.058475,0.021300,0.033300,-0.003600,0.004200,-0.009200,0.058800
1966-05,0.004100,-0.347048,-0.186444,-0.060744,0.077841,-0.039836,-0.129312,-0.056700,-0.051100,-0.016000,0.016400,-0.014800,-0.047100
1966-06,0.003800,-0.013813,0.011228,0.030482,0.003210,0.014276,0.011262,-0.014400,0.013200,0.004900,0.000800,0.007900,0.032300
1966-07,0.003500,-0.061260,-0.015271,0.060917,-0.031044,0.058521,-0.016487,-0.016300,-0.003800,0.009100,-0.003800,0.017400,-0.013000
1966-08,0.004100,-0.163331,-0.237329,0.050893,-0.028521,0.013953,-0.040661,-0.079400,-0.031500,0.005000,-0.006400,0.007700,-0.022100
1966-09,0.004000,-0.006622,-0.026729,0.010671,-0.014391,0.013358,-0.011829,-0.010600,-0.010200,0.004800,-0.011900,0.023500,-0.018600
1966-10,0.004500,0.051091,-0.356905,0.076346,-0.064228,0.051317,-0.088836,0.038600,-0.064800,0.027400,-0.039100,0.042300,-0.052000
1966-11,0.004000,0.011415,0.039524,-0.061679,0.041770,-0.037193,0.095685,0.013800,0.033400,-0.046300,0.046600,-0.065100,0.057300
1966-12,0.004000,0.003460,0.127462,-0.043566,0.002852,-0.001882,0.066104,0.001300,0.018800,-0.009500,0.001700,-0.001600,0.009900
1967-01,0.004300,0.303976,0.513556,0.088083,0.044719,-0.052978,-0.471490,0.081500,0.089800,0.023600,0.012900,-0.030600,-0.070000
1967-02,0.003600,0.020927,0.054166,-0.096335,0.063456,-0.019661,0.061834,0.007700,0.030100,-0.022600,0.016600,-0.009300,0.035100
1967-03,0.003900,0.195425,0.106113,0.038003,0.024420,-0.057768,0.160790,0.040000,0.017700,0.004700,0.008200,-0.015000,0.013900
1967-04,0.003200,0.178703,0.040866,-0.127795,0.175512,-0.148409,0.055131,0.038900,0.004300,-0.022900,0.030900,-0.037200,0.005200
1967-05,0.003300,-0.108467,0.195591,0.038323,-0.023042,0.015913,0.057998,-0.043200,0.024500,0.008000,-0.011900,0.016200,0.006600
1967-06,0.002700,0.057270,0.168576,0.053675,-0.024647,-0.043693,0.244639,0.024200,0.064200,0.008000,-0.008400,-0.024900,0.060100
1967-07,0.003200,0.083293,0.055810,0.422740,0.030469,0.045989,-0.025560,0.045800,0.035800,0.027500,0.004500,0.026600,-0.011000
1967-08,0.003100,-0.080595,0.031571,0.071137,0.006732,0.019873,-0.088855,-0.009000,0.007700,0.014300,0.003000,0.013500,-0.013200
1967-09,0.003200,0.214711,0.186253,-0.227953,0.016591,-0.022889,0.135426,0.031100,0.024300,-0.024700,0.002200,-0.009300,0.023900
1967-10,0.003900,-0.190197,0.026728,-0.208603,0.028348,-0.065490,0.171404,-0.030800,0.005700,-0.032900,0.009700,-0.027400,0.036800
1967-11,0.003600,0.017497,-0.006396,-0.078362,0.042159,-0.070273,0.046539,0.003700,-0.000600,-0.017100,0.013100,-0.022800,0.012200
1967-12,0.003300,0.058013,0.112758,-0.026723,-0.020691,-0.000330,0.041233,0.030500,0.055900,-0.005400,-0.007400,-0.000300,0.032000
1968-01,0.004000,-0.287317,0.160743,0.277856,-0.369783,0.078521,-0.141412,-0.040300,0.046800,0.048500,-0.048900,0.064600,-0.044600
1968-02,0.003900,-0.137617,-0.054973,0.026589,-0.000827,0.015206,-0.050654,-0.037400,-0.029200,0.012300,-0.000800,0.024600,-0.033400
1968-03,0.003800,0.004409,-0.037860,-0.028004,0.059502,-0.016431,0.063407,0.002100,-0.015500,-0.006300,0.010700,-0.011500,0.031900
1968-04,0.004300,0.110994,0.100436,-0.041337,0.066587,-0.031230,0.086225,0.090100,0.061700,-0.011000,0.027900,-0.037300,0.051100
1968-05,0.004500,0.029341,0.178291,0.038422,0.016396,-0.060685,0.152652,0.022800,0.069700,0.008200,0.004900,-0.019200,0.037500
1968-06,0.004300,0.037952,-0.008643,0.042746,-0.073823,0.061526,-0.140318,0.007000,-0.003300,0.006600,-0.015600,0.028000,-0.020900
1968-07,0.004800,-0.094684,-0.078532,0.588494,-0.097535,0.052923,-0.033522,-0.026900,-0.013900,0.053100,-0.031800,0.037900,-0.008900
1968-08,0.004200,0.030100,0.101078,0.014260,-0.023826,0.004912,0.052757,0.013500,0.023300,0.009900,-0.006600,0.004700,0.019000
1968-09,0.004300,0.262162,0.238837,0.025677,-0.159973,0.038122,-0.039595,0.040500,0.028100,0.003000,-0.019400,0.008700,-0.006400
1968-10,0.004400,0.034584,-0.032060,0.162442,-0.071144,0.168218,-0.204189,0.004400,-0.004300,0.028200,-0.013600,0.028400,-0.014600
1968-11,0.004200,0.481344,0.170586,-0.086184,0.038751,-0.131664,0.175952,0.054200,0.023900,-0.009600,0.004400,-0.025100,0.017400
1968-12,0.004300,-0.262365,0.304673,0.004158,-0.109599,0.060024,0.053194,-0.039300,0.035500,0.000400,-0.019100,0.019300,0.003200
1969-01,0.005300,-0.073959,-0.019479,0.171213,-0.088780,0.042150,-0.016270,-0.012500,-0.004200,0.016600,-0.015200,0.012900,-0.001500
1969-02,0.004600,-0.165408,-0.115689,0.055346,0.089476,0.025078,-0.144113,-0.058600,-0.041600,0.008900,0.019900,0.007500,-0.025500
1969-03,0.004600,0.071733,-0.020866,-0.026975,-0.082559,-0.035778,0.511573,0.026700,-0.005100,-0.004200,-0.013400,-0.004400,0.040600
1969-04,0.005300,0.050110,-0.043420,0.001023,0.017342,-0.007495,0.090070,0.014700,-0.007800,0.000200,0.002800,-0.001600,0.012400
1969-05,0.004800,-0.003472,-0.023674,0.035332,-0.059969,0.086022,0.246083,-0.001000,-0.001800,0.006200,-0.008700,0.010500,0.018100
1969-06,0.005100,-0.352977,-0.738168,-0.110752,0.357364,-0.102999,-0.527140,-0.071800,-0.054700,-0.011000,0.042700,-0.016300,-0.023100
1969-07,0.005300,-0.148133,-0.081785,0.067937,0.042842,0.048804,0.287557,-0.070000,-0.033900,0.011800,0.015100,0.018400,0.018200
1969-08,0.005000,0.035392,0.009704,-0.040771,0.043854,-0.026988,0.169751,0.046900,0.005800,-0.037500,0.010600,-0.039800,0.021400
1969-09,0.006200,-0.056296,0.090786,-0.080836,0.234191,-0.009484,0.183878,-0.029700,0.012900,-0.032200,0.033600,-0.006200,0.024300
1969-10,0.006000,0.109890,0.411559,-0.060474,0.002376,-0.024602,-0.589554,0.050500,0.039100,-0.031200,0.000800,-0.020800,-0.043600
1969-11,0.005200,-0.089740,-0.102474,-0.034417,0.144239,0.002623,0.145588,-0.038000,-0.024200,-0.012500,0.014000,0.002100,0.036700
1969-12,0.006400,-0.090226,-0.254738,-0.079641,0.262612,-0.028456,0.657143,-0.026300,-0.037200,-0.028800,0.025500,-0.019200,0.052700
1970-01,0.006000,-0.119290,0.113125,0.092341,-0.044011,0.050960,0.009000,-0.081100,0.030800,0.031700,-0.017500,0.039600,0.005600
1970-02,0.006200,0.085929,-0.068909,0.057832,-0.036887,0.022730,0.002525,0.051400,-0.025700,0.036900,-0.024100,0.028700,0.002700
1970-03,0.005700,-0.020246,-0.130526,0.094607,-0.024354,0.054199,-0.011890,-0.010600,-0.024200,0.040800,-0.010600,0.044200,-0.003600
1970-04,0.005000,-0.210709,-0.422313,0.125936,-0.058870,0.049829,-0.043054,-0.109900,-0.063400,0.061400,-0.006300,0.059000,-0.008300
1970-05,0.005300,-0.067536,-0.091416,0.023055,-0.037044,0.016254,-0.250173,-0.069100,-0.044600,0.033200,-0.012900,0.037900,-0.026600
1970-06,0.005800,-0.012719,-0.021963,0.001254,0.002647,0.005020,0.065588,-0.058000,-0.021000,0.004400,0.001400,0.027100,0.056400
1970-07,0.005200,0.047655,-0.013820,0.007265,-0.007479,0.005609,-0.035967,0.069200,-0.006600,0.009300,-0.003000,0.017200,-0.031200
1970-08,0.005300,0.043195,0.042695,0.028887,0.019480,-0.001133,-0.145746,0.045000,0.014400,0.014100,0.005700,-0.001400,-0.066800
1970-09,0.005400,0.043820,0.152643,-0.092731,0.003971,-0.044716,-0.136120,0.041800,0.085000,-0.054100,0.002500,-0.059800,-0.086400
1970-10,0.004600,-0.038200,-0.063211,0.003578,0.061009,0.015165,0.072209,-0.022800,-0.043600,0.002100,0.018100,0.022500,0.094500
1970-11,0.004600,0.088725,-0.129347,0.032942,0.084049,0.011233,0.031802,0.046200,-0.038800,0.015800,0.015300,0.013900,0.025900
1970-12,0.004200,0.118416,0.102165,0.071300,0.014619,0.004296,-0.046821,0.057400,0.028900,0.010400,0.002800,0.003000,-0.023000
1971-01,0.003800,0.170206,0.342630,0.144299,-0.074732,-0.001665,-0.173022,0.048300,0.074400,0.015500,-0.020200,-0.000600,-0.068600
1971-02,0.003300,0.049471,0.047727,-0.041719,0.017464,-0.021926,0.017329,0.014100,0.020100,-0.012400,0.006400,-0.008000,0.008200
1971-03,0.003000,0.152197,0.050525,-0.296938,0.069974,-0.060528,-0.038975,0.041200,0.022200,-0.039500,0.017800,-0.026500,-0.014000
1971-04,0.002800,0.126133,-0.020725,0.051434,-0.085835,0.034000,0.116205,0.031500,-0.003600,0.008600,-0.014600,0.008500,0.013600
1971-05,0.002900,-0.280169,-0.092044,-0.104055,0.057582,0.008884,0.096233,-0.040000,-0.011200,-0.013300,0.014900,0.002000,0.009300
1971-06,0.003700,-0.003290,-0.224945,-0.280118,0.107631,-0.108991,0.250706,-0.000900,-0.015100,-0.019700,0.015800,-0.016700,0.026900
1971-07,0.004000,-0.091682,-0.074131,-0.002114,0.034452,0.060354,-0.092654,-0.044900,-0.014300,-0.000200,0.005800,0.013900,-0.023200
1971-08,0.004700,0.125545,-0.017653,0.704927,-0.040188,0.177329,0.276792,0.037900,-0.002300,0.026400,-0.004300,0.025900,0.034400
1971-09,0.003700,-0.006670,0.009346,-0.076058,0.090455,-0.016897,0.038806,-0.008600,0.002600,-0.029000,0.025400,-0.015800,0.021000
1971-10,0.003700,-0.169354,-0.244127,-0.049029,0.054842,-0.078175,0.083579,-0.044200,-0.015900,-0.005100,0.015600,-0.013900,0.005000
1971-11,0.003700,-0.012969,-0.233866,-0.269278,0.189388,-0.012525,0.217810,-0.004600,-0.028600,-0.016700,0.024100,-0.004400,0.015100
1971-12,0.003700,0.090549,0.100599,-0.034675,-0.017179,-0.098522,-0.060982,0.087100,0.032400,-0.003800,-0.004300,-0.016800,-0.006200
1972-01,0.002900,0.043533,0.264091,0.174421,-0.079952,0.010766,0.003008,0.024700,0.060900,0.021200,-0.016900,0.005400,0.000700
1972-02,0.002500,0.105600,0.028136,-0.169876,0.047277,-0.013428,0.155288,0.028700,0.008700,-0.028300,0.016900,-0.005000,0.025300
1972-03,0.002700,0.047031,-0.060562,-0.066169,0.073737,-0.006420,0.333508,0.006200,-0.004700,-0.016100,0.015800,-0.002000,0.029400
1972-04,0.002900,0.009922,0.016432,0.002051,-0.013016,-0.065617,0.293691,0.002900,0.002700,0.000300,-0.004100,-0.010600,0.027900
1972-05,0.003000,0.064470,-0.324785,-0.332167,0.274379,-0.119361,0.401217,0.012900,-0.031200,-0.027200,0.024000,-0.019700,0.033300
1972-06,0.002900,-0.060276,-0.019934,-0.143758,0.062350,-0.010297,0.097363,-0.024600,-0.004300,-0.024600,0.017800,-0.003500,0.019000
1972-07,0.003100,-0.044866,-0.481013,0.061333,0.090619,-0.080737,0.466613,-0.008000,-0.027900,0.006000,0.012000,-0.007100,0.026800
1972-08,0.002900,0.111581,-0.333994,0.253322,-0.214205,0.180411,-0.510280,0.032700,-0.034600,0.045600,-0.020400,0.029000,-0.053600
1972-09,0.003400,-0.040391,-0.152332,0.010012,0.055949,-0.097987,0.096117,-0.011400,-0.022400,0.004900,0.016500,-0.019700,0.018300
1972-10,0.004000,0.021561,-0.387241,0.079389,-0.008626,0.001155,0.076747,0.005200,-0.025500,0.012200,-0.001100,0.000300,0.007000
1972-11,0.003700,0.111675,-0.038549,0.264739,-0.212751,0.397105,-0.622970,0.045900,-0.005900,0.048800,-0.019800,0.033400,-0.050800
1972-12,0.003700,0.028134,-0.123886,-0.070164,0.089742,-0.085025,0.378746,0.006200,-0.018900,-0.021800,0.025800,-0.021400,0.049500
1973-01,0.004400,-0.132403,-0.204268,0.196855,0.020947,0.039756,0.176066,-0.032800,-0.028200,0.027000,0.004000,0.009000,0.038000
1973-02,0.004200,-0.164984,-0.181264,0.108275,-0.011062,0.001655,0.159980,-0.048500,-0.039400,0.016400,-0.002900,0.000500,0.022200
1973-03,0.004600,-0.020699,-0.139859,0.091653,-0.057272,0.016669,0.325802,-0.013000,-0.022900,0.025700,-0.009600,0.005000,0.035500
1973-04,0.005200,-0.076563,-0.108093,0.150936,-0.073989,0.101257,0.391936,-0.056800,-0.029200,0.053900,-0.015500,0.025200,0.063500
1973-05,0.005100,-0.038352,-0.236819,0.010135,0.197599,-0.053315,0.198627,-0.029700,-0.061200,0.003800,0.019700,-0.017000,0.071900
1973-06,0.005100,-0.010100,-0.017305,0.029394,-0.008380,0.003051,0.067390,-0.015700,-0.024800,0.011400,-0.002000,0.000900,0.043300
1973-07,0.006400,0.050401,0.152271,-0.103713,-0.004934,-0.067437,-0.268728,0.050400,0.071900,-0.052600,-0.000900,-0.032300,-0.116700
1973-08,0.007000,-0.043053,-0.031718,0.014070,-0.045203,0.020332,0.038840,-0.038200,-0.017800,0.010300,-0.013200,0.012400,0.035900
1973-09,0.006800,0.089157,0.238311,0.101235,-0.121655,0.072420,-0.235687,0.047400,0.035800,0.022200,-0.022200,0.017300,-0.069800
1973-10,0.006500,-0.019484,-0.012984,0.041779,-0.068913,0.076011,0.122154,-0.008300,-0.002700,0.016600,-0.019900,0.027300,0.067800
1973-11,0.005600,-0.205097,-0.233236,0.147336,-0.084896,0.044272,0.190498,-0.127900,-0.072700,0.040900,-0.027700,0.016600,0.089300
1973-12,0.006400,0.002635,-0.054205,0.063374,-0.065979,0.091566,0.196099,0.005900,-0.047200,0.040100,-0.028900,0.024400,0.101600
1974-01,0.006300,-0.000641,0.161385,0.080792,-0.050107,0.075235,-0.076219,-0.001600,0.103900,0.059500,-0.029200,0.044900,-0.089200
1974-02,0.005800,-0.003068,0.000767,0.025548,-0.015426,0.022890,0.004568,-0.004600,0.001200,0.024700,-0.018500,0.026700,0.003700
1974-03,0.005600,-0.034266,0.110666,-0.004766,0.160128,0.012805,-0.092325,-0.028200,0.026200,-0.001400,0.029000,0.004400,-0.010000
1974-04,0.007500,-0.069190,-0.020143,0.023858,0.049144,0.079892,0.065288,-0.052800,-0.006600,0.009200,0.027100,0.021400,0.020600
1974-05,0.007500,-0.056146,-0.151711,-0.179647,0.164431,-0.010534,-0.051464,-0.047000,-0.030600,-0.020800,0.050100,-0.003300,-0.002900
1974-06,0.006000,-0.028864,-0.000979,0.039344,0.008475,0.061703,0.170877,-0.028400,-0.000500,0.008300,0.005000,0.029800,0.023200
1974-07,0.007000,-0.073177,0.060521,0.189175,-0.194819,0.086207,0.225151,-0.080600,0.018400,0.051600,-0.032000,0.045000,0.030000
1974-08,0.006000,-0.038180,0.004174,0.053933,-0.006541,0.025276,0.130855,-0.093900,0.002800,0.026100,-0.002900,0.025900,0.030300
1974-09,0.008100,-0.053846,0.013394,0.080511,-0.085871,0.043937,0.118219,-0.117800,0.014700,0.054300,-0.043300,0.058200,0.042400
1974-10,0.005100,0.044346,-0.044206,-0.123806,-0.004358,-0.017463,-0.008919,0.161000,-0.067800,-0.099100,-0.002900,-0.029100,-0.005300
1974-11,0.005400,-0.010331,-0.005544,-0.002070,-0.051245,0.028421,0.030957,-0.045300,-0.014100,-0.002500,-0.034200,0.029000,0.022000
1974-12,0.007000,-0.020970,-0.081989,0.001808,-0.017498,0.040313,0.071475,-0.034500,-0.042700,0.001200,-0.007600,0.033800,0.029800
1975-01,0.005800,0.076449,0.114453,0.235227,-0.012863,-0.012659,-0.333583,0.136700,0.128800,0.082600,-0.005400,-0.010500,-0.138000
1975-02,0.004300,0.029488,-0.005606,-0.037439,0.014202,-0.034457,-0.004445,0.055600,-0.006900,-0.044700,0.011700,-0.021100,-0.005800
1975-03,0.004100,0.027696,0.155968,0.048766,0.035640,-0.028554,-0.074296,0.026600,0.039700,0.024200,0.012500,-0.013400,-0.020700
1975-04,0.004400,0.038132,-0.017203,-0.043514,0.058774,-0.038932,0.065372,0.042200,-0.006900,-0.011300,0.013900,-0.013700,0.015100
1975-05,0.004400,0.054641,0.063172,-0.227321,-0.038398,-0.017898,-0.129621,0.052000,0.029800,-0.040500,-0.011300,-0.005600,-0.005800
1975-06,0.004100,0.060683,0.045664,0.055068,-0.078120,0.030525,-0.005432,0.048700,0.013300,0.013500,-0.027000,0.010700,-0.000400
1975-07,0.004800,-0.106843,0.162364,0.133729,0.020721,0.083369,0.030066,-0.066000,0.034000,0.017600,0.004500,0.012400,0.003400
1975-08,0.004800,-0.044939,-0.071420,-0.029997,0.086041,-0.070293,-0.007642,-0.028400,-0.027700,-0.009100,0.010900,-0.009900,-0.001600
1975-09,0.005300,-0.036667,-0.000590,0.011657,0.023872,0.029977,0.010576,-0.042600,-0.000200,0.003300,0.005800,0.005700,0.004000
1975-10,0.005600,0.049054,-0.117503,0.026157,-0.025809,0.136377,-0.009610,0.053200,-0.042500,0.003500,-0.005200,0.022800,-0.002200
1975-11,0.004100,0.028041,-0.019167,0.138409,-0.032970,0.090536,-0.048537,0.026500,-0.011000,0.020300,-0.006600,0.017400,-0.005000
1975-12,0.004800,-0.042559,-0.010345,0.212692,-0.008573,0.021523,-0.013340,-0.016000,-0.001600,0.017000,-0.001100,0.007700,-0.001000
1976-01,0.004700,0.177984,0.147419,0.458848,-0.108633,0.077464,0.245583,0.121600,0.063900,0.086300,-0.017500,0.023300,0.043700
1976-02,0.003400,0.003431,0.225548,0.090032,-0.099270,0.178892,0.028291,0.003200,0.079100,0.057100,-0.025500,0.037000,0.003800
1976-03,0.004000,0.040232,-0.028834,-0.002194,-0.024722,0.031003,0.019038,0.023200,-0.013800,-0.001100,-0.003800,0.009900,0.002200
1976-04,0.004200,-0.027884,0.004554,-0.005804,0.031123,-0.029344,0.041652,-0.014800,0.001000,-0.001600,0.004500,-0.010500,0.005300
1976-05,0.003700,-0.028095,-0.067433,-0.067161,0.237320,-0.134640,-0.071329,-0.013500,-0.010900,-0.012900,0.024300,-0.013900,-0.010700
1976-06,0.004300,0.095879,-0.079544,0.037467,-0.042764,0.064348,-0.079468,0.040500,-0.010700,0.007300,-0.006700,0.010200,-0.004400
1976-07,0.004700,-0.025742,0.055625,0.278380,-0.087119,0.019179,-0.033862,-0.010600,0.006100,0.017400,-0.010300,0.003000,-0.001500
1976-08,0.004200,-0.027553,-0.179501,0.092449,-0.043607,-0.057998,-0.259001,-0.005700,-0.020200,0.007900,-0.004000,-0.005700,-0.007800
1976-09,0.004400,0.063237,0.011252,-0.083635,0.291515,-0.107227,0.024611,0.020400,0.002000,-0.003100,0.009800,-0.011400,0.002000
1976-10,0.004100,-0.067886,0.003728,-0.023651,-0.020959,-0.019852,-0.200293,-0.024200,0.000500,-0.001700,-0.001900,-0.003700,-0.004300
1976-11,0.004000,0.006854,0.106871,0.186483,-0.101236,0.004120,0.332951,0.003700,0.027000,0.015300,-0.013100,0.000700,0.028200
1976-12,0.004000,0.115435,0.146450,0.163465,-0.030994,0.130854,0.106992,0.056500,0.036000,0.022300,-0.007200,0.024100,0.007300
1977-01,0.003600,-0.153511,0.302996,0.271551,-0.056919,0.133104,0.935360,-0.040400,0.059100,0.043200,-0.005400,0.019300,0.040500
1977-02,0.003500,-0.070101,0.029142,0.019912,-0.024148,-0.006394,0.044529,-0.019400,0.010500,0.004500,-0.002100,-0.001900,0.003400
1977-03,0.003800,-0.095249,0.118020,0.217090,-0.042517,-0.013009,0.157886,-0.013500,0.012900,0.010900,-0.003200,-0.001100,0.006800
1977-04,0.003800,0.005332,0.035952,0.624851,-0.252333,0.106920,0.697513,0.001500,0.006000,0.033800,-0.019800,0.010400,0.041900
1977-05,0.003700,-0.034100,0.097140,0.068127,0.039143,0.015813,0.242427,-0.014700,0.013700,0.008100,0.004300,0.002200,0.020100
1977-06,0.004000,0.187760,0.185763,-0.128676,0.098358,-0.150490,0.338096,0.047200,0.021000,-0.006200,0.009100,-0.012700,0.016000
1977-07,0.004200,-0.073191,0.096059,-0.079243,0.097753,0.016536,0.115925,-0.016900,0.018100,-0.006000,0.007500,0.001200,0.003800
1977-08,0.004400,-0.071202,0.069890,-0.303979,0.127434,-0.046327,-0.320700,-0.017600,0.009300,-0.027700,0.010400,-0.006700,-0.016300
1977-09,0.004300,-0.012652,0.113159,-0.013058,0.064801,-0.042703,0.337056,-0.002700,0.016200,-0.002600,0.009200,-0.006500,0.021000
1977-10,0.004900,-0.230014,0.123996,0.215633,-0.007413,-0.120455,-0.026079,-0.043900,0.014100,0.016200,-0.000900,-0.004600,-0.001200
1977-11,0.005000,0.116906,0.209622,0.025312,-0.013088,0.060395,0.265120,0.040200,0.036000,0.002300,-0.000600,0.006800,0.021400
1977-12,0.004900,0.004157,0.064246,-0.022792,0.111355,-0.121841,0.205932,0.002700,0.016100,-0.002900,0.009300,-0.006600,0.015900
1978-01,0.004900,-0.213608,0.200318,0.288849,-0.234112,0.292815,-0.065288,-0.059900,0.027600,0.033800,-0.018000,0.015600,-0.005800
1978-02,0.004600,-0.031932,0.183760,0.033499,0.012520,0.151302,0.269975,-0.013900,0.037000,0.008100,0.003000,0.010500,0.019600
1978-03,0.005300,0.109741,0.193608,0.183455,-0.065898,0.178266,0.271018,0.028500,0.036500,0.011500,-0.005700,0.020000,0.014500
1978-04,0.005400,0.320607,-0.014160,-0.332433,0.530139,-0.067065,0.089295,0.078700,-0.003200,-0.035400,0.028700,-0.012700,0.004900
1978-05,0.005100,0.025942,0.106577,-0.020648,0.006756,0.021324,0.212542,0.017600,0.045400,-0.005500,0.002000,0.002900,0.027700
1978-06,0.005400,-0.041321,0.052330,0.030295,-0.080552,-0.011098,0.329681,-0.016900,0.016400,0.006000,-0.014100,-0.001200,0.027800
1978-07,0.005600,0.120775,0.004640,-0.076271,0.087804,-0.047065,0.361812,0.051200,0.001700,-0.010000,0.014700,-0.007300,0.041900
1978-08,0.005600,0.106083,0.297601,-0.073580,0.117090,0.057363,0.276243,0.037900,0.049300,-0.006600,0.015700,0.005000,0.030000
1978-09,0.006200,-0.032330,-0.009998,0.117514,-0.021889,0.060262,-0.279792,-0.014500,-0.003800,0.018800,-0.006900,0.015700,-0.032000
1978-10,0.006800,-0.257202,-0.424295,0.133849,0.012527,0.066116,-0.192682,-0.119100,-0.100400,0.012600,0.001700,0.011400,-0.084200
1978-11,0.007000,0.021529,0.010095,-0.087131,0.055864,-0.035233,0.047870,0.027200,0.029000,-0.020800,0.010900,-0.011900,0.054500
1978-12,0.007800,0.005393,0.013571,-0.039652,0.029874,-0.026852,0.028792,0.008800,0.010100,-0.021400,0.020100,-0.014700,0.030100
1979-01,0.007700,0.052189,0.160942,0.060336,-0.045904,0.081841,-0.070894,0.042200,0.037400,0.021900,-0.024000,0.015800,-0.014300
1979-02,0.007300,-0.074946,0.024019,0.091651,-0.049169,0.062615,-0.146218,-0.035600,0.005300,0.011700,-0.011100,0.009600,-0.009900
1979-03,0.008100,0.147053,0.222207,-0.085965,0.065260,0.036050,0.220996,0.056700,0.031700,-0.006800,0.005400,0.002900,0.029100
1979-04,0.008000,-0.001991,0.115556,0.089182,0.131457,0.025360,0.095839,-0.000700,0.024000,0.011200,0.011400,0.002400,0.008700
1979-05,0.008200,-0.077118,0.016810,0.203837,-0.124779,-0.033858,-0.112786,-0.022100,0.001800,0.013200,-0.015600,-0.003100,-0.005500
1979-06,0.008100,0.084339,0.039707,0.247149,-0.150900,-0.044741,0.082689,0.038400,0.009400,0.014200,-0.015800,-0.005600,0.007700
1979-07,0.007700,0.032573,0.145441,0.127210,-0.021095,0.016744,-0.098225,0.008300,0.012700,0.017900,-0.004400,0.005200,-0.010700
1979-08,0.007700,0.164419,0.107184,-0.141801,0.063803,-0.079690,-0.023849,0.055400,0.018500,-0.015800,0.015000,-0.014600,-0.002900
1979-09,0.008300,-0.036929,-0.020396,-0.076000,0.042547,0.023146,0.337619,-0.008300,-0.002800,-0.009400,0.008400,0.005000,0.052800
1979-10,0.008700,-0.144400,-0.108138,-0.197439,0.044849,0.005861,0.095298,-0.081000,-0.034900,-0.018300,0.009600,0.001400,0.020400
1979-11,0.009900,0.032920,0.015766,-0.213556,-0.001037,-0.083731,0.137894,0.052300,0.025100,-0.032100,-0.000300,-0.018300,0.080300
1979-12,0.009500,0.024415,0.149691,-0.127727,-0.063952,-0.042098,0.090431,0.017800,0.042700,-0.021300,-0.006700,-0.010100,0.047200
1980-01,0.008000,0.255592,0.090041,0.128024,-0.118393,0.108125,0.330146,0.055000,0.018800,0.018500,-0.018400,0.018900,0.074500
1980-02,0.008900,-0.013676,-0.040522,0.017689,-0.015837,0.046402,0.142782,-0.012300,-0.016200,0.005900,-0.009500,0.029200,0.078900
1980-03,0.012100,-0.167176,-0.154737,-0.069585,0.049005,-0.024115,-0.092946,-0.128900,-0.069700,-0.009600,0.018200,-0.010500,-0.095800
1980-04,0.012600,0.014523,0.002224,0.023280,-0.016727,0.005533,-0.001757,0.039600,0.010500,0.010300,-0.021800,0.003400,-0.004800
1980-05,0.008100,0.039532,0.036404,0.012044,0.012567,-0.011386,-0.021831,0.052600,0.020000,0.003800,0.004300,-0.006300,-0.011800
1980-06,0.006100,0.045898,0.037992,-0.063506,-0.006754,-0.046352,0.075852,0.029700,0.014600,-0.008000,-0.002000,-0.008100,0.015800
1980-07,0.005300,0.114512,0.110613,-0.609938,0.164981,-0.128674,0.012521,0.065100,0.037400,-0.062900,0.040600,-0.024400,0.002900
1980-08,0.006400,0.030282,0.144093,-0.055958,0.047109,-0.020647,0.189974,0.017500,0.042300,-0.024600,0.020500,-0.007300,0.030600
1980-09,0.007500,0.026743,0.023469,-0.093461,0.061771,-0.075697,0.314771,0.021900,0.006300,-0.046100,0.019000,-0.028600,0.054300
1980-10,0.009500,0.007915,0.051320,-0.035633,0.049073,-0.018607,0.157900,0.010400,0.022100,-0.029300,0.017700,-0.014300,0.071300
1980-11,0.009600,0.093661,-0.083041,-0.102093,0.059322,-0.064367,0.225086,0.096000,-0.032700,-0.081100,0.042600,-0.055200,0.151500
1980-12,0.013100,-0.040734,-0.006826,0.030873,-0.020536,0.015240,-0.062149,-0.044600,-0.002800,0.028000,-0.012700,0.012700,-0.067100
1981-01,0.010400,-0.035274,0.039306,0.066480,-0.060837,0.090307,-0.071815,-0.050600,0.033000,0.067400,-0.033800,0.042700,-0.078200
1981-02,0.010700,0.007137,-0.012803,0.010563,0.005953,0.025240,-0.014956,0.006100,-0.006500,0.009700,0.002600,0.020600,-0.013500
1981-03,0.012100,0.047127,0.082405,0.008839,-0.111587,-0.008813,0.035393,0.036600,0.028500,0.006100,-0.022700,-0.005600,0.008200
1981-04,0.010800,-0.028035,0.083837,0.046728,0.012031,0.032859,-0.078622,-0.021600,0.047200,0.022800,0.008100,0.015400,-0.010800
1981-05,0.011500,0.003194,0.085124,-0.015634,0.034769,-0.086583,0.292088,0.001300,0.023600,-0.004300,0.004700,-0.017800,0.035600
1981-06,0.013500,-0.058616,-0.027149,0.222578,-0.038017,0.091506,-0.275514,-0.023400,-0.009300,0.051400,-0.012900,0.026900,-0.056700
1981-07,0.012400,-0.032250,-0.068232,-0.010067,0.036864,-0.057048,-0.113871,-0.015500,-0.019500,-0.006100,0.010800,-0.026600,-0.024400
1981-08,0.012800,-0.138930,-0.083870,0.155578,-0.014032,0.037441,-0.045792,-0.070200,-0.018200,0.047100,-0.003100,0.013800,-0.011000
1981-09,0.012400,-0.079376,-0.068313,0.064820,0.003252,0.031844,0.544096,-0.072000,-0.024600,0.051100,0.000800,0.025300,0.021300
1981-10,0.012100,0.033007,0.019957,-0.023221,0.086691,-0.020745,0.347416,0.049200,0.022800,-0.040900,0.031200,-0.027900,0.038300
1981-11,0.010700,0.036579,-0.040501,0.025583,0.005511,0.012763,-0.009230,0.034000,-0.015800,0.019100,0.001400,0.010000,-0.002100
1981-12,0.008700,-0.060067,0.030052,0.008554,0.005665,0.032543,0.053377,-0.036300,0.011800,0.007900,0.002100,0.024500,0.012800
1982-01,0.008000,-0.087552,-0.063113,0.128557,-0.131164,0.082465,0.136142,-0.032300,-0.011000,0.031900,-0.014300,0.019500,0.017700
1982-02,0.009200,-0.051550,0.009804,0.043770,-0.101651,0.042246,0.130930,-0.058600,0.004000,0.060900,-0.035500,0.045700,0.048700
1982-03,0.009800,-0.024523,0.000432,0.036530,-0.037696,0.028966,0.071207,-0.018200,0.000200,0.037600,-0.012800,0.023700,0.029000
1982-04,0.011300,0.043628,0.027805,-0.013200,0.026351,-0.000360,-0.006907,0.032400,0.012100,-0.030800,0.015000,-0.000500,-0.004600
1982-05,0.010600,-0.082753,0.016633,0.030799,0.032283,-0.001794,0.080808,-0.039300,0.004100,0.017800,0.009600,-0.001200,0.025100
1982-06,0.009600,-0.077161,-0.024429,0.097872,0.006639,0.072170,0.149135,-0.030800,-0.005100,0.015600,0.000900,0.025300,0.048900
1982-07,0.010500,-0.049471,0.032842,0.001040,0.040757,0.020288,0.152685,-0.032000,0.010100,0.000700,0.010000,0.014400,0.044000
1982-08,0.007600,0.283343,-0.153960,0.046346,-0.041089,0.005014,-0.137611,0.111500,-0.044600,0.010900,-0.018500,0.001700,-0.036000
1982-09,0.005100,0.005152,0.011965,0.002594,0.052328,-0.000227,0.050331,0.013200,0.025500,0.002300,0.021600,-0.000200,0.041400
1982-10,0.005900,0.133628,0.032456,-0.112800,0.011930,-0.008047,0.000394,0.112400,0.019600,-0.036200,0.002000,-0.003000,0.000100
1982-11,0.006300,0.018484,0.028469,-0.035411,-0.025942,0.006821,0.047121,0.046800,0.043900,-0.018000,-0.010200,0.002900,0.059200
1982-12,0.006700,0.002483,-0.001115,-0.001031,0.000000,0.023871,-0.000750,0.005600,-0.001400,-0.000600,0.000000,0.010000,-0.000200
1983-01,0.006900,0.036951,0.043841,-0.009254,-0.028376,-0.010986,-0.019009,0.035900,0.034100,-0.007200,-0.015200,-0.005600,-0.016300
1983-02,0.006200,0.018141,0.044470,0.016260,-0.014666,0.024491,0.042638,0.025900,0.028800,0.006600,-0.003600,0.010100,0.036900
1983-03,0.006300,0.040146,0.029823,0.046774,-0.007544,0.072579,0.069112,0.028100,0.013700,0.020600,-0.001900,0.028000,0.008800
1983-04,0.007100,0.118220,0.007901,0.018572,-0.001801,0.031556,0.039664,0.066500,0.004300,0.004300,-0.000700,0.015100,0.016300
1983-05,0.006900,0.009196,0.230644,-0.101913,-0.112784,-0.072148,-0.062058,0.005100,0.062600,-0.014000,-0.018100,-0.014300,-0.015500
1983-06,0.006700,0.058795,0.024304,-0.371381,0.116860,-0.054357,0.064644,0.030700,0.011600,-0.038900,0.025500,-0.007800,0.018300
1983-07,0.007400,-0.064778,0.046612,0.187238,-0.001934,0.156713,-0.081972,-0.040600,0.010500,0.055400,-0.000700,0.028800,-0.030800
1983-08,0.007600,-0.005006,-0.116434,0.071192,0.042355,0.054096,-0.103703,-0.005000,-0.043200,0.055900,0.005200,0.018500,-0.053800
1983-09,0.007600,0.016277,0.006546,0.017264,0.091740,0.027531,-0.000189,0.009100,0.003000,0.009900,0.012100,0.005000,-0.000100
1983-10,0.007600,-0.081747,-0.151891,0.223973,-0.075706,0.197702,-0.298754,-0.034300,-0.037500,0.049600,-0.008200,0.030000,-0.044600
1983-11,0.007000,0.045421,0.038676,-0.011682,-0.041466,0.014694,-0.009108,0.021600,0.018700,-0.007300,-0.006800,0.006400,-0.001400
1983-12,0.007300,-0.054258,-0.010329,0.046894,0.114955,0.052976,0.128891,-0.017700,-0.004200,0.017500,0.015500,0.013300,0.008100
1984-01,0.007600,-0.099615,0.000000,0.358339,-0.062700,0.148617,-0.577170,-0.019200,0.000000,0.074800,-0.008800,0.028800,-0.025700
1984-02,0.007100,-0.127406,-0.050470,0.053850,0.043523,0.066681,0.059518,-0.047600,-0.015800,0.034100,0.010400,0.015100,0.004500
1984-03,0.007300,0.006897,-0.004438,0.007976,-0.066041,0.048412,0.118160,0.006500,-0.002500,0.005300,-0.009700,0.011500,0.010900
1984-04,0.008100,-0.009519,-0.019744,0.039325,0.233139,0.054409,0.213402,-0.005100,-0.009400,0.011900,0.033000,0.007700,0.021400
1984-05,0.007800,-0.153480,0.002897,0.012904,0.112079,-0.023297,0.224932,-0.059800,0.001400,0.002600,0.024100,-0.005100,0.015400
1984-06,0.007500,0.038972,0.006902,-0.093447,0.181530,-0.063456,-0.019475,0.018100,0.001600,-0.027500,0.030800,-0.015700,-0.005300
1984-07,0.008200,-0.045598,-0.036196,0.011679,0.196786,-0.080154,0.143366,-0.027200,-0.022100,0.003900,0.035200,-0.021600,0.027700
1984-08,0.008300,0.291866,-0.006886,-0.028109,-0.027425,-0.011725,-0.200670,0.102700,-0.002800,-0.017400,-0.007300,-0.009100,-0.056200
1984-09,0.008600,-0.005935,-0.000781,0.047470,0.031417,0.022467,0.040528,-0.008000,-0.000400,0.052500,0.013700,0.023900,0.036600
1984-10,0.010000,-0.025828,-0.032918,0.016720,0.094925,-0.044974,0.273051,-0.008400,-0.013400,0.005900,0.011400,-0.010400,0.032800
1984-11,0.007300,-0.036996,-0.023253,0.096925,0.075182,0.028170,0.126134,-0.017700,-0.010600,0.038700,0.008000,0.019500,0.015600
1984-12,0.006400,0.046409,-0.018315,-0.001451,0.079040,-0.054499,0.111745,0.018400,-0.006000,-0.000300,0.010800,-0.014100,0.014600
1985-01,0.006500,0.181914,0.101025,-0.147694,-0.052428,-0.082449,-0.334511,0.079700,0.034500,-0.052000,-0.009900,-0.034600,-0.068200
1985-02,0.005800,0.019198,0.019613,-0.008445,0.134588,0.020949,0.070829,0.012200,0.009100,-0.003600,0.015200,0.011600,0.019000
1985-03,0.006200,-0.028150,-0.042492,0.175739,0.093659,0.099541,0.257311,-0.008400,-0.013800,0.040100,0.012300,0.028600,0.017800
1985-04,0.007200,-0.031290,-0.004946,0.094746,0.087665,0.021158,0.562242,-0.009600,-0.001400,0.036000,0.016200,0.007100,0.029500
1985-05,0.006600,0.271465,-0.174606,-0.044540,0.138147,-0.049616,0.681239,0.050700,-0.023600,-0.009800,0.012700,-0.014300,0.040500
1985-06,0.005500,0.035403,0.011941,0.016655,0.128428,-0.022548,0.354423,0.012700,0.002100,0.003800,0.016900,-0.010200,0.033700
1985-07,0.006200,-0.029570,0.116218,-0.057183,-0.033070,-0.009696,-0.240165,-0.007200,0.028500,-0.016200,-0.003600,-0.003700,-0.036900
1985-08,0.005500,-0.032509,-0.016356,0.063418,-0.019200,0.041888,0.065677,-0.010100,-0.003000,0.023400,-0.001600,0.019300,0.017700
1985-09,0.006000,-0.182937,-0.111484,0.081643,0.206818,0.076828,0.252363,-0.045000,-0.018400,0.012100,0.011100,0.015800,0.016000
1985-10,0.006500,0.107558,-0.055910,0.046977,0.131439,-0.035648,0.563155,0.040000,-0.014700,0.007700,0.008800,-0.010600,0.048700
1985-11,0.006100,0.187759,-0.001826,-0.109883,0.029445,-0.057652,-0.064236,0.064600,-0.000500,-0.029100,0.003200,-0.023500,-0.005500
1985-12,0.006500,0.106799,-0.013234,-0.116855,0.117749,-0.084455,-0.044203,0.038800,-0.004100,-0.014600,0.009600,-0.017700,-0.002300
1986-01,0.005600,0.013044,0.033689,0.018365,-0.123191,-0.039205,0.330978,0.006500,0.009500,0.004600,-0.019900,-0.019900,0.029500
1986-02,0.005300,0.099395,-0.010798,-0.058478,0.056249,-0.026250,0.129394,0.071400,-0.007200,-0.006300,0.011600,-0.012300,0.025600
1986-03,0.006000,0.120993,-0.026092,-0.025341,0.087091,0.025563,0.292028,0.049100,-0.006300,-0.003900,0.010000,0.008100,0.023800
1986-04,0.005200,-0.029157,0.031545,-0.228761,0.183886,-0.002528,-0.016258,-0.012800,0.028100,-0.028100,0.029000,-0.001000,-0.003500
1986-05,0.004900,0.048886,-0.021359,-0.005162,0.067637,0.043905,0.105858,0.046300,-0.012900,-0.001400,0.020700,0.011000,0.020600
1986-06,0.005200,0.021372,-0.021016,0.087636,0.086954,0.056554,0.291617,0.010600,-0.008700,0.012000,0.018500,0.008300,0.049400
1986-07,0.005200,-0.124876,-0.063278,0.364972,-0.021273,0.045712,0.176449,-0.064300,-0.035300,0.046600,-0.005500,0.008100,0.018900
1986-08,0.004600,0.054793,-0.096807,0.037075,-0.073721,0.045124,-0.118437,0.060700,-0.043400,0.035400,-0.017100,0.033200,-0.051700
1986-09,0.004500,-0.188128,0.037491,0.101604,-0.005360,0.054027,-0.170233,-0.085900,0.021000,0.032300,-0.001700,0.037100,-0.056800
1986-10,0.004600,0.026154,-0.043450,-0.049987,-0.000760,0.017956,0.091986,0.046400,-0.023700,-0.014200,-0.000100,0.010100,0.044800
1986-11,0.003900,0.033330,-0.067110,-0.001237,0.053266,0.016963,-0.021853,0.011600,-0.018600,-0.000200,0.009800,0.007000,-0.002700
1986-12,0.004900,-0.051642,0.003411,0.027415,0.076869,0.004020,0.072980,-0.032600,0.001900,0.003600,0.008700,0.000900,0.004500
1987-01,0.004200,0.257488,-0.037480,-0.261729,0.020049,-0.048932,0.421242,0.124400,-0.016100,-0.031800,0.001700,-0.010300,0.020300
1987-02,0.004300,0.039342,0.066570,-0.141277,-0.085783,-0.057169,-0.167783,0.043700,0.033600,-0.058600,-0.007900,-0.025500,-0.022200
1987-03,0.004700,0.030004,0.008901,0.032668,0.104457,0.098240,0.152661,0.016300,0.003200,0.016600,0.013000,0.041700,0.016600
1987-04,0.004400,-0.029096,-0.031599,-0.015603,-0.038881,0.020092,0.010629,-0.020900,-0.015800,-0.003600,-0.005200,0.011600,0.002000
1987-05,0.003800,0.000693,-0.004162,0.013312,0.024114,0.045401,-0.042677,0.001100,-0.005800,0.002200,0.004900,0.011300,-0.007700
1987-06,0.004800,0.042739,-0.024113,0.041449,0.207493,0.020441,-0.036835,0.039100,-0.021100,0.011300,0.015600,0.010700,-0.002200
1987-07,0.004600,0.111001,-0.022890,0.073654,-0.034028,0.070474,0.382560,0.038400,-0.010700,0.009400,-0.006500,0.015800,0.025700
1987-08,0.004700,0.124194,-0.059602,-0.065262,0.171440,-0.033677,-0.085493,0.035200,-0.010100,-0.009800,0.021100,-0.015500,-0.009500
1987-09,0.004500,-0.037362,0.008358,0.009059,-0.040482,0.029461,0.055596,-0.025800,0.004500,0.002600,-0.008800,0.018200,0.008000
1987-10,0.006000,-0.254029,-0.067269,0.176305,0.117379,0.054367,-0.289194,-0.231900,-0.079100,0.041800,0.022900,0.022400,-0.077500
1987-11,0.003500,-0.002813,0.001259,0.008427,-0.011544,0.002092,-0.002655,-0.077600,0.027800,0.031400,-0.019300,0.006000,-0.012100
1987-12,0.003900,0.024843,-0.000075,-0.072006,0.110763,-0.057452,0.104193,0.068200,-0.000100,-0.044200,0.031300,-0.024600,0.058800
1988-01,0.002900,0.016157,-0.002574,0.053041,-0.041180,0.021929,-0.265342,0.042100,-0.005600,0.049300,-0.011900,0.021000,-0.073500
1988-02,0.004600,0.014008,0.014523,-0.025386,0.061289,0.002010,-0.031800,0.047700,0.033000,-0.015300,0.015100,0.000600,-0.014500
1988-03,0.004400,-0.033806,0.077787,0.036130,-0.021984,0.069222,0.062146,-0.022600,0.061100,0.008600,-0.002300,0.017800,0.006100
1988-04,0.004600,0.008991,0.018062,0.071732,-0.008249,0.046226,0.159389,0.005600,0.010900,0.015100,-0.000900,0.019000,0.022000
1988-05,0.005100,-0.002168,-0.025776,0.344783,-0.136457,0.020028,0.107286,-0.002700,-0.025200,0.024400,-0.007700,0.003000,0.006600
1988-06,0.004900,0.055105,0.025286,-0.083011,0.210047,-0.194448,-0.541956,0.047800,0.020700,-0.013500,0.015200,-0.035200,-0.030200
1988-07,0.005100,-0.015535,-0.002139,0.201547,-0.032072,0.048269,0.061302,-0.012500,-0.001800,0.021800,-0.004900,0.015300,0.006600
1988-08,0.005900,-0.055866,-0.000247,0.210754,-0.168090,0.186930,0.096325,-0.033100,-0.000200,0.021400,-0.008500,0.016500,0.003600
1988-09,0.006200,0.062173,-0.048208,-0.043957,0.277590,-0.024113,0.054941,0.033100,-0.013800,-0.007500,0.017600,-0.005500,0.002900
1988-10,0.006100,0.029093,-0.078927,0.140359,0.162837,0.048622,0.212872,0.011600,-0.029700,0.020300,0.013900,0.009900,0.013000
1988-11,0.005700,-0.042839,-0.021471,0.095075,-0.017472,0.114252,0.063370,-0.022700,-0.015800,0.014700,-0.003600,0.016400,0.001800
1988-12,0.006300,0.028108,0.060101,-0.112698,0.078574,-0.017572,0.097315,0.014800,0.019400,-0.018300,0.006900,-0.003800,0.003100
1989-01,0.005500,0.322085,-0.054894,0.059334,-0.080498,0.006189,-0.052351,0.060600,-0.022600,0.006100,-0.009700,0.001100,-0.002500
1989-02,0.006100,-0.063228,0.106591,0.091846,-0.067254,0.094082,0.175028,-0.022300,0.027000,0.009900,-0.008400,0.018800,0.009900
1989-03,0.006700,0.036933,0.020897,0.047538,-0.002063,0.035451,1.501247,0.015700,0.006800,0.004700,-0.000100,0.006500,0.035100
1989-04,0.006700,0.087975,-0.031631,-0.204710,0.147373,-0.031686,0.283230,0.043500,-0.007500,-0.014800,0.007300,-0.004800,0.017100
1989-05,0.007900,0.109805,-0.002447,-0.201717,0.051079,-0.015675,0.409318,0.032800,-0.000600,-0.009000,0.004500,-0.002600,0.014200
1989-06,0.007100,-0.036759,-0.024037,0.205677,0.014998,0.095383,0.096730,-0.013300,-0.010400,0.022100,0.001300,0.015200,0.004000
1989-07,0.007000,0.128817,-0.154925,-0.152650,0.283287,-0.028545,0.510969,0.071800,-0.041100,-0.028000,0.020500,-0.005600,0.053200
1989-08,0.007400,0.040552,0.014165,0.041013,0.029891,-0.081522,-0.032602,0.014300,0.004800,0.006200,0.003600,-0.006100,-0.004900
1989-09,0.006500,-0.016383,0.011688,-0.142921,0.112292,0.054040,0.290173,-0.007600,0.004700,-0.012700,0.013900,0.005800,0.035100
1989-10,0.006800,-0.176373,-0.129452,-0.125505,0.005667,-0.007365,0.068634,-0.036500,-0.033000,-0.011600,0.000800,-0.001100,0.013500
1989-11,0.006900,0.004811,-0.005960,-0.040126,-0.028913,0.073531,0.065111,0.010400,-0.012600,-0.011300,-0.007400,0.013800,0.027000
1989-12,0.006100,0.036836,-0.129896,0.011525,-0.004194,0.084128,0.244152,0.011800,-0.022800,0.001500,-0.000700,0.013100,0.027900
1990-01,0.005700,-0.204100,-0.046370,0.083491,-0.086444,0.039408,-0.337299,-0.078000,-0.012100,0.008300,-0.011200,0.014000,-0.029800
1990-02,0.005700,0.009411,0.010346,0.027707,-0.001592,-0.019417,-0.027796,0.011100,0.011500,0.006500,-0.000400,-0.006100,-0.005100
1990-03,0.006400,0.046372,0.031058,-0.218488,0.200584,-0.077910,0.152828,0.018300,0.015900,-0.029000,0.019900,-0.009400,0.017200
1990-04,0.006900,-0.087473,-0.011676,-0.092430,0.074165,-0.055041,0.314376,-0.033600,-0.003500,-0.025700,0.017800,-0.010000,0.022800
1990-05,0.006800,0.199582,-0.095778,-0.185120,0.114792,-0.077324,0.363247,0.084400,-0.024100,-0.038900,0.016800,-0.016300,0.031400
1990-06,0.006300,-0.021329,0.030980,-0.076575,-0.053374,-0.020996,0.262746,-0.010900,0.013100,-0.020000,-0.009900,-0.003900,0.024900
1990-07,0.006800,-0.036911,-0.066954,-0.002618,-0.007603,0.304349,0.217055,-0.019000,-0.031500,-0.000600,-0.001000,0.032100,0.060400
1990-08,0.006600,-0.189580,-0.083800,0.055916,-0.021685,0.034210,0.096214,-0.101300,-0.037900,0.015600,-0.004800,0.029900,0.019700
1990-09,0.006000,-0.020386,-0.051877,0.003188,0.000194,0.010081,0.287850,-0.061100,-0.037200,0.005900,0.000300,0.036200,0.057100
1990-10,0.006800,-0.020764,-0.097471,0.001758,0.061239,-0.002471,0.183612,-0.019100,-0.050600,0.000800,0.031700,-0.002500,0.067400
1990-11,0.005700,0.032124,0.000159,-0.040955,0.005665,-0.025278,-0.159697,0.063500,0.000200,-0.029700,0.005800,-0.047100,-0.053600
1990-12,0.006000,0.023861,0.008348,-0.062215,0.116551,-0.022664,0.004465,0.024800,0.006000,-0.015700,0.026600,-0.019800,0.002500
1991-01,0.005200,0.134538,0.115566,-0.123293,0.058808,-0.082060,-0.102666,0.046900,0.038700,-0.014800,0.013400,-0.040700,-0.064700
1991-02,0.004800,0.050665,0.044476,-0.011693,-0.000905,-0.003478,-0.098255,0.072100,0.040200,-0.006200,-0.000600,-0.003400,-0.049400
1991-03,0.004400,0.025390,0.062980,-0.037582,-0.020383,-0.021413,0.050372,0.026700,0.038100,-0.013000,-0.005200,-0.009900,0.027100
1991-04,0.005300,-0.004779,0.006184,0.044469,0.022494,0.012494,-0.116349,-0.002900,0.003500,0.014900,0.006700,0.008100,-0.023200
1991-05,0.004700,0.044096,0.002213,-0.019115,0.080954,-0.107784,-0.004443,0.036600,0.001400,-0.005200,0.020700,-0.023600,-0.000900
1991-06,0.004200,-0.074239,0.007693,0.049888,0.092250,0.027174,0.018562,-0.049400,0.003000,0.010800,0.017500,0.006800,0.004200
1991-07,0.004900,0.088689,-0.030955,-0.124610,0.087185,-0.083663,0.798804,0.042400,-0.010000,-0.013000,0.016000,-0.014400,0.042600
1991-08,0.004600,0.052845,0.035866,-0.058966,0.053891,-0.010560,0.141558,0.023200,0.014200,-0.007900,0.008500,-0.003200,0.015800
1991-09,0.004600,-0.017531,0.056272,-0.069653,-0.117144,-0.001362,0.078461,-0.015900,0.015800,-0.012300,-0.017700,-0.000400,0.017500
1991-10,0.004200,0.054676,0.055234,-0.044413,-0.135426,-0.012967,0.291323,0.012900,0.008500,-0.004300,-0.016500,-0.003000,0.031800
1991-11,0.003900,-0.082972,-0.023309,-0.110016,0.053492,-0.008607,0.049111,-0.042000,-0.008800,-0.017700,0.011000,-0.001200,0.011800
1991-12,0.003800,0.113939,-0.070578,-0.126386,0.164190,-0.083571,0.222510,0.108600,-0.024100,-0.042300,0.036700,-0.031400,0.082900
1992-01,0.003400,-0.006497,0.125506,0.090530,-0.034843,0.072975,-0.077478,-0.005900,0.091900,0.046700,-0.011700,0.032500,-0.025000
1992-02,0.002800,0.025232,0.015604,0.054911,0.002620,0.033024,-0.009654,0.010900,0.013000,0.065100,0.000700,0.022500,-0.007000
1992-03,0.003400,-0.063742,-0.028769,0.043764,-0.002601,0.043258,-0.009522,-0.026600,-0.008900,0.034900,-0.000600,0.018200,-0.002100
1992-04,0.003200,0.045400,-0.327019,0.197942,0.130371,0.128897,-0.163181,0.010900,-0.057500,0.043600,0.016500,0.024000,-0.025500
1992-05,0.002800,0.003606,0.003994,0.014592,-0.044213,0.009723,0.001244,0.003000,0.002000,0.011100,-0.009100,0.004900,0.000600
1992-06,0.003200,-0.086092,-0.099505,0.202267,-0.003762,0.047519,-0.039416,-0.023300,-0.027600,0.032400,-0.000600,0.009500,-0.005700
1992-07,0.003100,0.101250,-0.014902,-0.016720,0.071746,-0.038961,0.102514,0.037800,-0.006500,-0.005100,0.012400,-0.009700,0.014700
1992-08,0.002600,-0.059991,-0.016721,-0.031878,0.154665,-0.125739,-0.050688,-0.023800,-0.003900,-0.010900,0.036600,-0.016400,-0.004700
1992-09,0.002600,0.065174,0.045663,-0.030442,0.070009,-0.068454,0.383534,0.011900,0.004700,-0.001900,0.016100,-0.006800,0.014400
1992-10,0.002300,0.026162,0.093885,-0.064042,0.075350,-0.029382,0.370841,0.010200,0.020900,-0.019800,0.011900,-0.009100,0.025000
1992-11,0.002300,0.103171,0.088139,-0.054698,-0.033901,-0.061187,-0.020563,0.041400,0.038800,-0.015200,-0.005400,-0.015800,-0.002500
1992-12,0.002800,0.068673,0.075399,0.087679,-0.037206,0.024428,0.751715,0.015300,0.016500,0.026400,-0.005200,0.008300,0.043300
1993-01,0.002300,0.054896,0.043677,0.332808,-0.089887,0.247141,0.266277,0.009300,0.019400,0.059000,-0.019000,0.029400,0.048500
1993-02,0.002200,0.007390,-0.139667,0.135416,-0.016373,0.092171,0.146548,0.001200,-0.033700,0.064800,-0.004700,0.041500,0.031800
1993-03,0.002500,0.035464,0.001697,0.009958,-0.009276,0.006691,0.114071,0.023200,0.000900,0.012600,-0.002200,0.008200,0.037000
1993-04,0.002400,-0.078875,-0.017506,0.075821,-0.129844,0.060557,0.011964,-0.030500,-0.008100,0.025500,-0.036900,0.013800,0.003600
1993-05,0.002200,0.059068,0.042670,-0.048278,-0.002869,-0.013115,0.004066,0.028900,0.019400,-0.034600,-0.001400,-0.010300,0.002100
1993-06,0.002500,0.008575,0.003290,0.055321,-0.039129,0.022149,0.457530,0.003000,0.001200,0.026400,-0.009100,0.011600,0.045700
1993-07,0.002400,-0.012724,0.033203,0.120122,-0.032820,0.051111,0.225312,-0.003400,0.009600,0.028700,-0.018400,0.020500,0.032200
1993-08,0.002500,0.176407,0.002502,0.005633,-0.089044,0.001525,0.363941,0.037200,0.000800,0.001800,-0.015200,0.000400,0.025400
1993-09,0.002600,-0.010259,0.311403,-0.014136,0.013484,-0.006824,0.146868,-0.001200,0.030200,-0.002400,0.002500,-0.001900,0.033900
1993-10,0.002200,0.058693,0.051458,-0.089668,0.081333,0.013781,-0.149700,0.014100,0.018600,-0.027800,0.006100,0.005600,-0.026700
1993-11,0.002500,-0.139679,-0.048748,-0.024679,0.145782,-0.047968,-0.232515,-0.018600,-0.013100,-0.007800,0.021900,-0.010300,-0.047700
1993-12,0.002300,0.046012,0.044089,0.008935,0.040140,-0.006820,0.077510,0.016500,0.013500,0.002500,0.011400,-0.003500,0.023300
1994-01,0.002500,0.264941,-0.001163,0.122603,-0.122920,0.070422,0.016990,0.028700,-0.000500,0.011000,-0.015400,0.013900,0.001100
1994-02,0.002100,-0.155243,0.148500,-0.176219,0.124119,-0.045064,-0.024599,-0.025500,0.026200,-0.015200,0.020800,-0.009400,-0.003400
1994-03,0.002700,-0.101545,-0.036830,0.255917,0.063368,0.140526,-0.157916,-0.047900,-0.010300,0.016700,0.006500,0.013900,-0.013200
1994-04,0.002700,0.014360,-0.026692,0.097297,0.063323,0.058067,0.019943,0.006800,-0.010000,0.016600,0.010500,0.011400,0.003300
1994-05,0.003200,0.007931,-0.043884,0.015900,0.031172,0.011582,-0.033655,0.005800,-0.024900,0.006000,0.006400,0.006000,-0.020500
1994-06,0.003100,-0.085359,-0.020182,0.121924,0.048924,0.041313,-0.144800,-0.030400,-0.005200,0.017700,0.010500,0.015000,-0.009000
1994-07,0.002800,0.074359,-0.061045,0.028528,-0.049469,0.003031,0.012253,0.028200,-0.018700,0.006100,-0.006600,0.001000,0.001100
1994-08,0.003700,0.251497,0.170054,-0.226532,0.135577,-0.043264,0.441787,0.040200,0.014400,-0.025500,0.009800,-0.015200,0.015400
1994-09,0.003700,-0.111005,0.131234,-0.102821,0.045833,0.040504,0.312058,-0.022800,0.027100,-0.018100,0.005600,0.010600,0.013200
1994-10,0.003800,0.041595,-0.083972,-0.141915,0.019375,-0.050361,0.836027,0.013500,-0.022200,-0.016600,0.001800,-0.007300,0.013100
1994-11,0.003700,-0.084638,0.003621,-0.046513,0.047196,-0.020973,-0.022348,-0.040300,0.000900,-0.007300,0.004800,-0.005300,-0.001200
1994-12,0.004400,0.022672,-0.001877,-0.003072,0.035450,0.013729,0.306466,0.008600,-0.000500,-0.000900,0.004000,0.003600,0.034500
1995-01,0.004200,0.054953,-0.052557,0.132132,0.014503,-0.013180,-0.219296,0.018000,-0.030700,0.025900,0.001500,-0.006500,-0.018400
1995-02,0.004000,0.250090,-0.020557,0.043822,0.031073,-0.012977,-0.028700,0.036300,-0.004900,0.009900,0.006100,-0.004000,-0.004700
1995-03,0.004600,0.096703,-0.036375,-0.182840,-0.007335,0.009737,0.124758,0.021900,-0.005300,-0.021300,-0.001300,0.002300,0.004500
1995-04,0.004400,0.104535,-0.015845,0.092332,0.023813,0.037061,0.086395,0.021100,-0.002600,0.016700,0.004300,0.008200,0.018000
1995-05,0.005400,0.292767,-0.118997,0.113230,0.045946,0.000274,-0.050789,0.029000,-0.021700,0.022800,0.004100,0.000100,-0.005500
1995-06,0.004700,0.071532,0.074340,-0.112505,-0.012733,-0.081529,0.184815,0.027200,0.030500,-0.025400,-0.002300,-0.023900,0.030100
1995-07,0.004500,0.123247,0.054206,-0.059874,0.027133,-0.025450,0.183894,0.037100,0.021200,-0.015800,0.002200,-0.015800,0.026000
1995-08,0.004700,0.012570,0.058385,0.076352,-0.085805,0.021979,0.002446,0.005500,0.017000,0.026800,-0.011700,0.014900,0.000500
1995-09,0.004300,0.336299,-0.068876,-0.002745,0.051331,0.007878,0.202810,0.033600,-0.018600,-0.001100,0.009900,0.004000,0.028600
1995-10,0.004700,-0.078906,-0.119774,-0.016963,0.069596,-0.001387,0.209930,-0.015100,-0.040700,-0.004900,0.019300,-0.001000,0.041700
1995-11,0.004200,0.123498,-0.021675,0.009511,-0.015142,0.010995,-0.018826,0.039600,-0.010600,0.005200,-0.005700,0.010000,-0.007200
1995-12,0.004900,0.040336,0.024196,0.011594,-0.062678,0.048442,0.161835,0.010400,0.006500,0.002400,-0.014400,0.030200,0.024800
1996-01,0.004300,0.055152,-0.053843,0.017317,0.005482,0.044833,0.036434,0.022600,-0.026400,0.004600,0.002600,0.023000,0.005700
1996-02,0.003900,0.020950,0.038703,-0.020803,0.009497,-0.016683,0.017697,0.013300,0.017700,-0.010500,0.001600,-0.018900,0.005700
1996-03,0.003900,0.016030,0.026658,0.019191,0.100354,-0.035091,-0.271921,0.007400,0.015600,0.004200,0.014400,-0.009500,-0.018500
1996-04,0.004600,0.028776,0.108578,-0.113876,-0.007080,-0.053433,-0.054860,0.020500,0.047000,-0.039700,-0.002000,-0.020300,-0.009400
1996-05,0.004200,0.053794,0.091656,-0.034335,0.001382,-0.013957,0.072839,0.023600,0.032300,-0.009000,0.000300,-0.003300,0.016200
1996-06,0.004000,-0.023957,-0.091078,0.105434,0.162694,0.026596,0.067638,-0.011300,-0.036700,0.023300,0.035000,0.012000,0.010200
1996-07,0.004500,-0.246263,-0.066171,0.160302,0.088332,0.123033,-0.009476,-0.059600,-0.037800,0.051900,0.029000,0.026800,-0.001500
1996-08,0.004100,0.019517,0.022057,-0.003751,-0.006734,-0.009473,-0.000724,0.027700,0.025800,-0.008200,-0.003800,-0.024700,-0.000200
1996-09,0.004400,0.098721,-0.037898,-0.102470,0.111196,-0.029712,0.273022,0.050100,-0.014100,-0.027400,0.013000,-0.021300,0.026700
1996-10,0.004200,0.029380,-0.214935,0.208095,0.119113,0.056437,0.303557,0.008700,-0.037900,0.048800,0.013800,0.029700,0.037200
1996-11,0.004100,0.256146,-0.093850,0.036891,0.148254,-0.009668,-0.198314,0.062500,-0.038200,0.014000,0.020600,-0.006900,-0.023500
1996-12,0.004600,-0.060375,0.104530,0.053711,0.014578,0.042695,0.043959,-0.017000,0.031900,0.012800,0.002300,0.014900,0.005300
1997-01,0.004500,0.080022,-0.015491,-0.049053,0.048144,-0.001160,0.096984,0.049700,-0.018200,-0.014400,0.012200,-0.000700,0.018700
1997-02,0.003900,-0.008901,-0.054135,0.176150,0.035305,0.070292,-0.092850,-0.004800,-0.025400,0.056100,0.007200,0.034700,-0.021800
1997-03,0.004300,-0.084567,-0.008265,0.073135,0.012666,0.019261,0.040908,-0.050200,-0.004100,0.033900,0.003900,0.015300,0.008800
1997-04,0.004300,0.048635,-0.069648,0.000000,0.123207,-0.013248,0.266785,0.040400,-0.057000,0.000000,0.033600,-0.010200,0.048300
1997-05,0.004900,0.055772,0.036326,-0.096820,-0.018605,-0.019027,-0.189951,0.067300,0.046800,-0.041100,-0.010400,-0.027600,-0.051900
1997-06,0.003700,0.047930,0.015930,0.019155,0.025945,0.006671,0.151044,0.041000,0.011700,0.014400,0.005600,0.004500,0.025900
1997-07,0.004300,0.107797,-0.027817,0.004439,0.005897,-0.046061,0.435758,0.073100,-0.027400,0.001300,0.001800,-0.025600,0.037000
1997-08,0.004100,-0.053628,0.087689,0.037930,-0.052770,-0.002206,-0.183795,-0.040900,0.075000,0.011300,-0.010200,-0.001700,-0.025700
1997-09,0.004400,0.061310,0.025167,0.008159,-0.067281,-0.022495,0.097219,0.053400,0.024800,0.002400,-0.015800,-0.009300,0.014600
1997-10,0.004200,-0.044116,-0.005390,0.076358,0.021973,0.072037,-0.026217,-0.038100,-0.005600,0.023300,0.007500,0.020100,-0.005300
1997-11,0.003900,0.007624,-0.053461,0.007969,0.081792,0.016038,0.010016,0.029900,-0.050100,0.012200,0.030800,0.017300,0.003800
1997-12,0.004800,0.011751,-0.047083,0.073050,0.019466,0.024076,0.245060,0.013600,-0.020900,0.037400,0.006400,0.019500,0.039100
1998-01,0.004300,0.001481,-0.014258,-0.022732,0.041800,-0.006946,0.002800,0.001400,-0.012800,-0.016800,0.009100,-0.006200,0.000500
1998-02,0.003900,0.062349,0.000990,-0.022114,-0.010185,-0.036777,-0.066729,0.070400,0.000500,-0.009300,-0.003700,-0.025800,-0.011900
1998-03,0.003900,0.108177,-0.015489,0.061088,-0.039421,-0.005076,0.471485,0.047600,-0.007300,0.013800,-0.005500,-0.002300,0.021300
1998-04,0.004300,0.015446,0.000485,0.034958,-0.090932,-0.006545,0.062725,0.007400,0.000100,0.010300,-0.016800,-0.003600,0.007600
1998-05,0.004000,-0.038389,-0.082843,0.077448,0.032780,0.040090,0.119813,-0.030500,-0.030000,0.034100,0.010300,0.024700,0.019100
1998-06,0.004100,0.078011,-0.067941,-0.045926,-0.012055,-0.059230,0.599277,0.032100,-0.036100,-0.020300,-0.002600,-0.030300,0.072600
1998-07,0.004000,-0.026916,-0.082483,-0.024800,0.062652,0.006378,0.163425,-0.024200,-0.052000,-0.018300,0.016400,0.007600,0.037900
1998-08,0.004300,-0.164482,-0.056458,0.096768,0.152727,0.059175,0.058259,-0.160500,-0.049700,0.035700,0.033500,0.057800,0.019000
1998-09,0.004600,0.013173,-0.005221,-0.031475,-0.020875,-0.009600,-0.020895,0.061900,-0.008900,-0.035100,-0.018400,-0.028400,-0.006500
1998-10,0.003200,0.015683,-0.014055,-0.013571,0.015907,0.000786,-0.112624,0.069800,-0.033600,-0.023300,0.008800,0.001800,-0.053300
1998-11,0.003100,0.020493,0.002472,-0.020429,-0.006899,-0.001249,0.010958,0.060700,0.007600,-0.032400,-0.009200,-0.009200,0.011300
1998-12,0.003800,0.066229,-0.016753,-0.099299,-0.014597,-0.025387,0.150072,0.061500,-0.015000,-0.042500,-0.006900,-0.032600,0.088700
1999-01,0.003500,0.024442,-0.006426,-0.065271,-0.048488,-0.038892,0.029322,0.034700,-0.008200,-0.044600,-0.028000,-0.064100,0.028400
1999-02,0.003500,-0.028157,-0.059275,0.034566,-0.010323,0.022506,-0.001881,-0.040800,-0.051500,0.019500,-0.012300,0.040800,-0.001400
1999-03,0.004300,0.020912,-0.046854,-0.025377,-0.063152,-0.003493,-0.035314,0.034800,-0.043700,-0.026100,-0.040500,-0.010700,-0.012100
1999-04,0.003700,0.030421,0.049747,0.021744,-0.025892,0.006766,-0.229830,0.043400,0.045200,0.024000,-0.024700,0.008400,-0.089800
1999-05,0.003400,-0.018518,0.026377,0.007081,0.002935,0.011293,-0.015619,-0.024600,0.037500,0.024900,0.009500,0.031800,-0.052500
1999-06,0.004000,0.034309,0.017657,-0.042702,0.010768,-0.016223,0.067589,0.047700,0.023400,-0.032200,0.009300,-0.029100,0.046600
1999-07,0.003800,-0.028739,0.034840,-0.001597,0.003009,0.014837,0.037290,-0.034900,0.025400,-0.001800,0.002900,0.032700,0.017000
1999-08,0.003900,-0.017071,-0.027449,-0.031429,-0.003705,0.008245,0.068426,-0.013700,-0.016700,-0.019300,-0.002400,0.007200,0.029800
1999-09,0.003900,-0.020877,0.024408,-0.025825,-0.025211,-0.007487,0.147467,-0.027700,0.024800,-0.029000,-0.009600,-0.009900,0.063800
1999-10,0.003900,0.048480,-0.088082,-0.031830,-0.029895,-0.012257,0.122537,0.060900,-0.071300,-0.028800,-0.017500,-0.008700,0.054500
1999-11,0.003600,0.015661,0.027603,-0.067767,-0.056970,-0.019510,0.075550,0.034100,0.056900,-0.056500,-0.041800,-0.018400,0.054900
1999-12,0.004400,0.108248,0.054797,-0.069348,-0.104499,-0.079240,0.446865,0.076600,0.051000,-0.076600,-0.080000,-0.058700,0.131400
2000-01,0.004100,-0.079112,0.041597,-0.012608,-0.027725,0.043324,0.024341,-0.047400,0.042100,-0.011200,-0.061500,0.045600,0.018600
2000-02,0.004300,0.008684,0.066169,-0.046969,-0.043236,-0.003826,0.110125,0.024500,0.184600,-0.097700,-0.189500,-0.011300,0.180200
2000-03,0.004700,0.037659,-0.049081,0.059194,0.021897,-0.005824,-0.040008,0.052100,-0.155400,0.085000,0.116500,-0.012000,-0.068500
2000-04,0.004600,-0.019639,-0.007423,0.025531,0.007278,0.023052,-0.016859,-0.063500,-0.047500,0.064500,0.080700,0.056300,-0.086000
2000-05,0.005000,-0.007760,-0.005890,0.012961,0.002420,0.002417,-0.010254,-0.043900,-0.038600,0.045900,0.040500,0.014700,-0.089900
2000-06,0.004000,0.013830,0.074734,-0.032329,-0.016792,-0.013144,0.072088,0.046800,0.099500,-0.080400,-0.083100,-0.031700,0.166300
2000-07,0.004800,-0.015456,-0.005911,0.032641,0.011550,0.009881,-0.001078,-0.024800,-0.009400,0.080600,0.057200,0.029800,-0.001600
2000-08,0.005000,0.050323,-0.012451,-0.005356,-0.006303,0.002961,0.061750,0.070300,-0.009500,-0.013700,-0.030600,0.012100,0.055900
2000-09,0.005100,-0.099569,0.004670,0.081038,0.018474,0.032656,0.040361,-0.054400,0.002700,0.072400,0.027000,0.055400,0.018900
2000-10,0.005600,-0.028280,-0.052472,0.023932,0.037105,0.013311,-0.063815,-0.027800,-0.025800,0.055800,0.095400,0.037100,-0.045600
2000-11,0.005100,-0.030461,-0.004455,0.031627,0.013192,0.010928,-0.012889,-0.107000,-0.003500,0.122400,0.130500,0.083500,-0.021700
2000-12,0.005000,0.004936,0.045833,0.014674,0.001996,0.009231,0.076322,0.011800,0.032600,0.075500,0.019200,0.048200,0.065900
2001-01,0.005400,0.008812,0.046070,-0.010908,-0.004808,-0.006993,-0.159058,0.032500,0.052300,-0.050500,-0.052000,-0.052100,-0.253500
2001-02,0.003800,-0.031376,0.033740,0.024076,0.013540,0.007883,0.019859,-0.100300,0.028700,0.122300,0.091200,0.090100,0.126000
2001-03,0.004200,-0.051127,0.046614,0.025148,0.013222,0.010456,0.028387,-0.072500,0.023300,0.064700,0.033400,0.037200,0.086500
2001-04,0.003900,0.021615,-0.007485,-0.012889,-0.026144,-0.007282,-0.018158,0.079400,-0.008800,-0.046400,-0.031800,-0.031900,-0.080100
2001-05,0.003200,0.001625,0.028345,0.008523,0.000819,0.003079,0.002856,0.006800,0.035500,0.033800,0.002900,0.019500,0.021500
2001-06,0.002800,-0.013781,0.108974,-0.008033,0.009973,-0.007942,0.002123,-0.019400,0.066900,-0.012600,0.015700,-0.016700,0.006200
2001-07,0.003000,-0.025311,-0.021423,0.048799,0.048116,0.023459,0.046518,-0.021300,-0.028600,0.049500,0.072900,0.029000,0.054800
2001-08,0.003100,-0.045149,0.016736,0.025801,0.015958,0.027093,0.036588,-0.064000,0.025400,0.028600,0.038100,0.065300,0.054600
2001-09,0.002800,-0.089246,-0.160114,0.028450,0.034695,0.011643,0.076998,-0.092400,-0.057400,0.015200,0.050300,0.033500,0.113800
2001-10,0.002200,0.006841,0.069655,-0.145727,-0.017688,-0.027788,-0.048921,0.024800,0.053400,-0.073100,-0.029800,-0.043600,-0.083200
2001-11,0.001700,0.042107,-0.004746,0.024110,-0.012407,-0.006244,-0.055592,0.075300,-0.003600,0.021700,-0.034900,-0.016800,-0.086100
2001-12,0.001500,0.015120,0.092955,0.017860,0.001583,-0.001811,0.000165,0.016100,0.051100,0.008300,0.002600,-0.002800,0.000200
2002-01,0.001400,-0.015388,0.020808,0.074937,0.025460,0.017150,0.065333,-0.014400,0.012800,0.034200,0.047300,0.028300,0.036500
2002-02,0.001300,-0.022279,-0.005917,0.056461,0.069140,0.045014,0.146705,-0.022800,-0.003800,0.023400,0.080300,0.051000,0.068300
2002-03,0.001300,0.033709,0.076926,0.029396,-0.008553,0.004158,-0.024853,0.042400,0.041500,0.010800,-0.018300,0.006600,-0.016900
2002-04,0.001500,-0.053386,0.131197,0.224976,0.026346,0.044359,0.144281,-0.052100,0.066300,0.040100,0.045900,0.053500,0.077000
2002-05,0.001400,-0.012192,-0.052069,0.029754,0.012302,0.018447,0.043273,-0.013600,-0.030700,0.015200,0.023100,0.025300,0.030900
2002-06,0.001300,-0.038104,0.047556,0.002786,0.020322,0.007615,0.028148,-0.072300,0.037600,0.003700,0.039200,0.026600,0.062400
2002-07,0.001500,-0.046382,-0.074972,-0.021103,0.026646,-0.007519,0.028912,-0.081900,-0.063300,-0.035100,0.038400,-0.011000,0.036300
2002-08,0.001400,0.000700,-0.004354,0.023788,0.001755,-0.019976,0.006143,0.005000,-0.012800,0.030100,0.013700,-0.014000,0.018700
2002-09,0.001400,-0.023448,0.016360,0.018528,0.012549,-0.041598,0.048019,-0.103400,0.030500,0.012600,0.032900,-0.022900,0.091800
2002-10,0.001400,0.022650,-0.045620,-0.068542,-0.016272,0.014715,-0.049583,0.078400,-0.042900,-0.037600,-0.031600,0.007300,-0.055800
2002-11,0.001200,0.010815,0.017000,-0.016561,-0.035017,0.040908,-0.097082,0.059600,0.029400,-0.011600,-0.092500,0.051600,-0.164300
2002-12,0.001100,-0.026092,0.009571,0.069546,0.017186,-0.018322,0.030499,-0.057600,0.005500,0.021100,0.063200,-0.017900,0.097200
2003-01,0.001000,-0.020101,0.018349,-0.029130,-0.002926,0.009360,0.011704,-0.025700,0.007100,-0.007900,-0.009300,0.006900,0.015900
2003-02,0.000900,-0.007913,-0.024148,-0.037591,0.004178,-0.014104,0.008669,-0.018800,-0.008700,-0.013600,0.007900,-0.006800,0.012100
2003-03,0.001000,0.009258,0.015620,-0.191409,0.023422,-0.047495,0.047168,0.010900,0.007700,-0.021100,0.016800,-0.008100,0.014000
2003-04,0.001000,0.029259,0.011790,0.037354,-0.037417,0.031845,-0.093547,0.081800,0.011400,0.012200,-0.046800,0.009800,-0.093500
2003-05,0.000900,0.042171,0.098666,0.025422,-0.068498,0.098958,-0.139086,0.060500,0.047800,0.007000,-0.069400,0.030700,-0.107500
2003-06,0.001000,0.013261,0.026029,0.003215,0.003628,-0.015836,-0.022999,0.014200,0.016500,0.001400,0.004400,-0.004000,-0.012300
2003-07,0.000700,0.023103,0.107131,-0.047243,-0.034133,0.053613,-0.010987,0.023300,0.044000,-0.015300,-0.038900,0.015200,-0.003000
2003-08,0.000700,0.023319,0.028259,0.045938,-0.012696,0.018747,-0.045689,0.023300,0.023700,0.016400,-0.022900,0.021500,-0.005300
2003-09,0.000800,-0.024582,0.008103,0.007692,0.008434,0.005438,-0.005199,-0.012400,0.005700,0.001400,0.009000,0.004100,-0.000700
2003-10,0.000700,0.062478,0.037062,0.202561,-0.009654,0.024374,0.117554,0.060800,0.026300,0.022100,-0.013800,0.016500,0.040100
2003-11,0.000700,0.018121,0.036296,0.129233,0.001721,0.032267,0.025564,0.013500,0.023100,0.017200,0.002100,0.016800,0.013600
2003-12,0.000800,0.083154,-0.049641,0.080160,0.005944,0.015635,-0.140167,0.042900,-0.025100,0.015100,0.005700,0.008500,-0.055400
2004-01,0.000700,0.043747,0.025483,0.264617,-0.055284,0.103687,0.047018,0.021500,0.024600,0.024200,-0.036000,0.033300,0.025700
2004-02,0.000600,0.030890,-0.013155,0.027974,0.012700,-0.008647,-0.033691,0.014000,-0.009200,0.009500,0.021300,-0.011700,-0.011700
2004-03,0.000900,-0.036867,0.025563,0.012167,0.012958,-0.011753,0.003059,-0.013200,0.021100,0.002300,0.016500,-0.009800,0.001900
2004-04,0.000800,-0.017262,-0.031558,-0.230214,0.023913,-0.026503,-0.097755,-0.018200,-0.020600,-0.032300,0.034600,-0.028300,-0.053400
2004-05,0.000600,0.017975,-0.007789,-0.009418,-0.006210,0.000096,0.035771,0.011800,-0.004000,-0.001800,-0.011700,0.000100,0.014900
2004-06,0.000800,0.031980,0.057096,0.071591,0.014113,-0.006745,0.077584,0.018600,0.025200,0.012100,0.011200,-0.003100,0.020800
2004-07,0.001000,-0.097466,-0.050867,0.278081,0.065021,-0.032568,-0.118911,-0.040400,-0.029200,0.032200,0.052100,-0.016800,-0.022400
2004-08,0.001100,0.001666,-0.014847,0.019431,0.007535,-0.034970,-0.066443,0.000800,-0.011800,0.010800,0.012100,-0.013500,-0.015500
2004-09,0.001100,0.020058,0.066899,-0.001319,-0.013746,-0.044970,0.296372,0.016000,0.032200,-0.000500,-0.014900,-0.017200,0.054800
2004-10,0.001100,0.038358,0.003057,-0.009303,-0.007547,0.013431,-0.041067,0.014200,0.001500,-0.002600,-0.005300,0.004100,-0.014300
2004-11,0.001500,0.072838,0.121612,0.031853,-0.007354,-0.006787,0.071003,0.045300,0.041200,0.015700,-0.005200,-0.001800,0.030800
2004-12,0.001600,0.081725,-0.001173,-0.012990,-0.024856,0.029341,-0.092688,0.034100,-0.000400,-0.002300,-0.010700,0.003900,-0.028500
2005-01,0.001600,-0.074327,-0.025058,0.085781,0.119989,-0.070026,0.094257,-0.027500,-0.011100,0.020600,0.028000,-0.014100,0.029600
2005-02,0.001600,0.039579,-0.004997,0.085686,0.023034,-0.014288,0.166363,0.018800,-0.003000,0.014100,0.013200,-0.002100,0.034300
2005-03,0.002100,-0.043422,-0.049326,0.121071,0.018293,0.104051,0.016814,-0.019300,-0.014100,0.020700,0.004400,0.013400,0.004300
2005-04,0.002100,-0.065414,-0.086453,0.002449,0.033664,-0.045099,-0.013568,-0.026000,-0.039700,0.000500,0.009700,-0.008500,-0.006800
2005-05,0.002400,0.039742,0.056929,-0.037879,-0.029866,0.019529,0.008246,0.036500,0.027600,-0.005800,-0.010200,0.002800,0.003700
2005-06,0.002300,0.012683,0.088487,0.138185,0.026809,-0.031569,0.059195,0.005800,0.032600,0.028000,0.008700,-0.005200,0.020700
2005-07,0.002400,0.139245,0.083555,-0.039774,-0.060344,-0.047825,0.002138,0.039200,0.027600,-0.007800,-0.011900,-0.007800,0.000300
2005-08,0.003000,-0.034548,-0.014740,0.088382,-0.073066,0.034323,0.086662,-0.012000,-0.009400,0.013400,-0.019600,0.003800,0.020700
2005-09,0.002900,0.012891,-0.007386,0.107601,0.008206,-0.054360,0.173056,0.004800,-0.003100,0.007800,0.002600,-0.006100,0.034600
2005-10,0.002700,-0.060490,-0.062043,0.036315,-0.015730,-0.159144,-0.075975,-0.020400,-0.015000,0.004300,-0.007000,-0.012600,-0.011900
2005-11,0.003100,0.036452,0.014657,-0.099050,-0.013315,-0.067740,0.005069,0.036100,0.009000,-0.011900,-0.007900,-0.010900,0.003400
2005-12,0.003200,-0.007930,-0.005206,0.016027,0.013021,0.015979,0.022215,-0.002400,-0.002500,0.001500,0.001800,0.002000,0.007800
2006-01,0.003500,0.127836,0.199524,0.162570,-0.029708,-0.055676,0.144314,0.030300,0.058300,0.009900,-0.006600,-0.003500,0.025200
2006-02,0.003400,-0.006314,-0.009394,-0.035291,-0.021633,0.113031,-0.079434,-0.003000,-0.004600,-0.003100,-0.005400,0.019800,-0.017800
2006-03,0.003700,0.043395,0.192162,0.050507,0.001358,-0.021740,0.050368,0.014700,0.033400,0.006100,0.000300,-0.004400,0.012600
2006-04,0.003600,0.024885,-0.015967,0.344478,0.078687,-0.009479,0.020540,0.007300,-0.007900,0.022600,0.017400,-0.001300,0.006000
2006-05,0.004300,-0.121734,-0.056407,0.220638,0.023784,0.096566,-0.147687,-0.035600,-0.029000,0.023800,0.008700,0.015300,-0.036600
2006-06,0.004000,-0.004632,-0.004056,0.053248,0.090294,-0.007500,0.019322,-0.003400,-0.002400,0.008500,0.013200,-0.001300,0.015500
2006-07,0.004000,-0.006201,-0.029008,0.277287,0.054110,0.068213,-0.022210,-0.007700,-0.036000,0.026200,0.016300,0.008400,-0.020400
2006-08,0.004200,0.022863,0.005012,-0.073580,-0.067535,0.102132,-0.129000,0.020300,0.004500,-0.019500,-0.018100,0.021400,-0.033600
2006-09,0.004100,0.060591,-0.019936,0.003581,0.026937,0.015151,-0.051672,0.018400,-0.013900,0.000600,0.007800,0.004600,-0.009800
2006-10,0.004100,0.107948,0.038589,-0.040161,-0.005569,0.009998,-0.019963,0.032200,0.019800,-0.003300,-0.001100,0.003200,-0.002500
2006-11,0.004200,0.062442,0.010900,0.003265,0.009980,-0.023031,-0.164557,0.017000,0.006300,0.000400,0.002000,-0.008000,-0.010400
2006-12,0.004000,0.024266,-0.016467,0.300053,-0.034500,0.069989,0.113446,0.008500,-0.008100,0.027400,-0.006500,0.018800,0.007900
2007-01,0.004400,0.072236,0.000584,-0.046550,0.017751,0.026267,0.042430,0.013800,0.000200,-0.006800,0.001900,0.004000,0.001700
2007-02,0.003800,-0.078514,0.030977,-0.006022,-0.025498,-0.015819,-0.200097,-0.019600,0.013300,-0.000800,-0.005200,-0.006600,-0.012900
2007-03,0.004300,0.009779,0.006700,-0.096969,0.052488,-0.073860,0.380730,0.007100,0.001400,-0.008800,0.005500,-0.006700,0.025800
2007-04,0.004400,0.043249,-0.084563,-0.188158,0.075326,0.064193,-0.019054,0.034900,-0.020800,-0.014400,0.011800,0.010100,-0.001600
2007-05,0.004100,0.112608,0.014272,-0.056091,0.105316,-0.088988,-0.057884,0.032400,0.003300,-0.005900,0.014700,-0.012600,-0.003300
2007-06,0.004000,-0.052108,0.015830,-0.143837,0.047921,0.002691,0.065042,-0.019600,0.007000,-0.010500,0.004900,0.000600,0.005200
2007-07,0.004000,-0.052546,-0.192790,-0.865884,0.052835,-0.079027,0.246263,-0.037200,-0.030500,-0.036800,0.002600,-0.011600,0.028400
2007-08,0.004200,0.007990,-0.017555,-0.115427,-0.122407,-0.031064,-0.001919,0.009400,-0.003300,-0.018700,-0.012700,-0.005700,-0.000300
2007-09,0.003200,0.013237,-0.022040,-0.027997,-0.009662,-0.037834,0.040902,0.032200,-0.024400,-0.021700,-0.004900,-0.029400,0.044300
2007-10,0.003200,0.019533,-0.000935,-0.177824,-0.030547,0.003224,0.255679,0.017900,-0.000300,-0.028700,-0.003300,0.000600,0.050300
2007-11,0.003400,-0.056128,-0.070586,-0.047781,0.041740,-0.013729,0.018635,-0.048000,-0.029100,-0.010900,0.017500,-0.003600,0.011200
2007-12,0.002700,-0.003253,0.003799,-0.008351,0.022870,-0.020307,0.056166,-0.008700,0.001800,-0.005100,0.009000,-0.010700,0.065600
2008-01,0.002100,-0.053299,-0.009939,0.320267,0.101061,0.072069,-0.096466,-0.063200,-0.006300,0.040000,0.021200,0.020600,-0.077400
2008-02,0.001300,-0.013425,-0.007570,-0.005712,0.014991,-0.012032,0.020423,-0.030900,-0.006400,-0.007200,0.010700,-0.009700,0.061300
2008-03,0.001700,-0.005913,0.011613,0.015326,0.012251,0.013211,0.038026,-0.009400,0.005900,0.003100,0.008900,0.004700,0.042500
2008-04,0.001800,0.014686,-0.018686,-0.022299,0.028189,-0.024270,-0.001304,0.046100,-0.011600,-0.009600,0.018100,-0.025600,-0.003300
2008-05,0.001800,0.013541,0.051144,-0.031387,0.021829,0.004274,0.018496,0.018700,0.030400,-0.015000,0.009200,0.001400,0.033900
2008-06,0.001700,-0.110903,0.032121,-0.222508,0.077407,-0.017911,0.128844,-0.084300,0.011600,-0.025100,0.049800,-0.006900,0.127100
2008-07,0.001500,-0.004622,0.060369,0.217190,-0.011811,0.023187,-0.022046,-0.007500,0.037100,0.052000,-0.013600,0.009900,-0.050200
2008-08,0.001300,0.007129,0.023279,0.001498,0.010617,0.015243,-0.004356,0.015300,0.032800,0.015200,0.018300,0.006600,-0.044800
2008-09,0.001500,-0.057304,0.004728,0.017819,0.029758,0.018732,0.002105,-0.093500,0.003800,0.056600,0.024000,0.017000,0.008600
2008-10,0.000800,-0.015533,-0.010481,-0.001581,0.005983,0.006611,0.014102,-0.172000,-0.030600,-0.018900,0.027300,0.013800,0.078700
2008-11,0.000300,-0.002823,-0.004422,-0.006798,0.015045,0.014169,0.025808,-0.077400,-0.040000,-0.062100,0.046700,0.023900,0.072800
2008-12,0.000000,0.001005,0.010289,0.000071,0.000123,-0.008398,-0.004922,0.017700,0.033300,0.000500,0.000300,-0.015200,-0.050900
2009-01,0.000000,-0.007915,-0.007002,-0.020848,0.000000,-0.014083,-0.004921,-0.080900,-0.020900,-0.110200,0.000000,-0.011600,-0.023600
2009-02,0.000100,-0.017161,-0.007838,-0.009517,0.010452,-0.004867,0.004423,-0.101400,-0.011700,-0.066000,0.010100,-0.006200,0.043600
2009-03,0.000200,0.019223,0.006218,0.006021,-0.029203,-0.038321,-0.023335,0.090100,0.005900,0.034800,-0.025800,-0.020000,-0.118300
2009-04,0.000100,0.009904,0.030454,0.004352,0.006590,0.007558,-0.023706,0.101700,0.071400,0.053800,0.013400,0.005000,-0.343400
2009-05,0.000000,0.012968,-0.009058,0.000456,-0.010317,-0.039984,-0.009159,0.052000,-0.022400,0.004100,-0.008100,-0.019900,-0.125300
2009-06,0.000100,0.001296,0.014006,-0.004932,-0.039854,-0.010369,0.007099,0.004200,0.022700,-0.027600,-0.014100,-0.003700,0.054500
2009-07,0.000100,0.042855,0.019693,0.068169,-0.004756,0.079277,-0.019517,0.077400,0.023100,0.048900,-0.002600,0.030800,-0.055400
2009-08,0.000100,0.017471,-0.001139,0.037067,-0.025964,0.055398,-0.053595,0.033300,-0.001000,0.076000,-0.028500,0.033000,-0.091000
2009-09,0.000100,0.035275,0.037101,0.005584,0.011561,0.010771,-0.034285,0.040800,0.027200,0.011500,0.011500,0.003400,-0.048700
2009-10,0.000000,-0.025868,-0.129289,-0.021554,0.068962,-0.076179,0.028631,-0.025500,-0.048500,-0.041700,0.042200,-0.014800,0.024900
2009-11,0.000000,0.028182,-0.036118,-0.001342,0.007636,0.000000,0.007645,0.055800,-0.027600,-0.003300,0.009000,0.000000,0.003900
2009-12,0.000100,0.026139,0.053967,-0.001507,0.015704,-0.004742,0.126025,0.027400,0.061400,-0.001100,0.007100,-0.000900,0.030000
2010-01,0.000000,-0.067915,0.004723,0.010062,-0.023788,0.013314,-0.254778,-0.033500,0.004000,0.003300,-0.010800,0.005100,-0.053300
2010-02,0.000000,0.034820,0.054052,0.032026,-0.004919,0.062164,0.065762,0.033900,0.014900,0.031800,-0.002900,0.014200,0.036900
2010-03,0.000100,0.053226,0.076274,0.030237,-0.014362,0.057763,0.068904,0.063000,0.018300,0.021900,-0.006100,0.017400,0.035700
2010-04,0.000100,0.052472,0.102188,0.070152,0.026261,0.074251,0.071886,0.020000,0.049600,0.029600,0.006100,0.017500,0.031600
2010-05,0.000100,-0.085152,0.000923,-0.018432,0.014940,-0.004933,-0.003838,-0.079000,0.000800,-0.024800,0.013000,-0.002400,-0.002000
2010-06,0.000100,-0.012995,-0.018434,-0.028913,-0.001363,-0.042750,-0.019357,-0.055700,-0.024200,-0.047300,-0.001000,-0.015800,-0.027000
2010-07,0.000100,0.023181,0.000307,-0.003905,0.003033,0.063156,0.027840,0.069200,0.000400,-0.005000,0.001700,0.020200,0.017800
2010-08,0.000100,-0.025871,-0.017790,-0.037725,0.006755,-0.015586,0.000981,-0.047700,-0.030600,-0.017300,0.006000,-0.016000,0.000400
2010-09,0.000100,0.065170,0.031947,-0.114862,-0.002943,0.008599,0.166639,0.095500,0.036500,-0.030200,-0.001900,0.003800,0.013800
2010-10,0.000100,0.030481,0.009394,-0.057374,0.033291,-0.009986,0.147364,0.038700,0.007300,-0.024600,0.012800,-0.003800,0.014600
2010-11,0.000100,0.010112,0.071267,-0.023326,0.010543,0.068275,0.177729,0.005900,0.035400,-0.009000,0.003200,0.017900,0.027300
2010-12,0.000100,0.075501,0.018802,0.091956,-0.076154,0.075930,-0.145062,0.068200,0.009700,0.035600,-0.034200,0.031700,-0.030000
2011-01,0.000100,0.047269,-0.076646,0.018476,-0.018713,0.023461,-0.024257,0.019800,-0.023100,0.006100,-0.006400,0.008100,-0.003000
2011-02,0.000100,0.069856,0.017487,0.037727,-0.027495,0.037581,0.063526,0.034800,0.016500,0.011800,-0.018300,0.008400,0.018800
2011-03,0.000100,0.007319,0.057058,-0.088100,0.043014,-0.002556,0.186869,0.004600,0.025600,-0.018400,0.017300,-0.000700,0.034500
2011-04,0.000000,0.024626,-0.010179,-0.102826,0.028914,-0.027969,0.001431,0.029000,-0.005300,-0.024400,0.011200,-0.008600,0.000500
2011-05,0.000000,-0.035452,-0.026638,-0.101934,0.099062,-0.058140,-0.019698,-0.012700,-0.007200,-0.018500,0.019200,-0.014300,-0.006000
2011-06,0.000000,-0.032190,0.000759,-0.012225,0.054072,-0.079006,0.031056,-0.017400,0.000600,-0.002000,0.022700,-0.014200,0.018200
2011-07,0.000000,-0.019343,-0.020838,-0.028965,0.066793,-0.045624,0.004926,-0.023500,-0.011100,-0.009100,0.026800,-0.017300,0.002000
2011-08,0.000100,-0.059147,-0.091795,-0.042583,0.072897,-0.005065,-0.010381,-0.059600,-0.030900,-0.024300,0.034100,-0.002600,-0.002700
2011-09,0.000000,-0.007228,-0.023907,-0.008110,0.005741,0.002749,-0.018496,-0.075700,-0.034900,-0.015300,0.019900,0.001500,-0.024000
2011-10,0.000000,0.030588,0.024563,0.000384,-0.015976,-0.022076,-0.015825,0.113400,0.032500,0.000600,-0.022500,-0.007300,-0.014000
2011-11,0.000000,-0.000644,-0.000943,-0.003639,0.007236,0.035264,0.020671,-0.002700,-0.003000,-0.005200,0.019400,0.014400,0.038800
2011-12,0.000000,0.001842,-0.002825,0.017569,0.009822,0.059881,0.019072,0.007500,-0.002900,0.015400,0.010600,0.024700,0.018300
2012-01,0.000000,0.032719,0.027833,-0.012291,-0.021903,-0.024461,-0.076355,0.050500,0.020200,-0.009300,-0.020600,-0.014800,-0.080100
2012-02,0.000000,0.125127,-0.055874,0.010752,-0.004224,-0.005276,-0.002514,0.044000,-0.016700,0.004200,-0.003600,-0.000800,-0.002600
2012-03,0.000000,0.079572,-0.006800,0.047685,-0.013970,0.043213,0.032511,0.031100,-0.004800,0.011900,-0.006100,0.007000,0.013100
2012-04,0.000000,-0.012831,-0.008443,-0.023920,0.026577,0.036559,0.065282,-0.008400,-0.005000,-0.007700,0.013000,0.006600,0.037200
2012-05,0.000100,-0.067792,-0.002103,-0.021814,0.041543,0.043248,0.121295,-0.061700,-0.000800,-0.009500,0.020300,0.023600,0.064400
2012-06,0.000000,0.047991,0.021804,0.010416,-0.026757,0.011744,-0.019625,0.039000,0.008900,0.005500,-0.010600,0.004500,-0.011000
2012-07,0.000000,0.004262,-0.089883,-0.002233,0.023602,0.000219,0.044380,0.007900,-0.028100,-0.000600,0.010400,0.000100,0.030000
2012-08,0.000100,0.031267,0.009082,0.024903,-0.048838,-0.013441,-0.040565,0.025400,0.004400,0.012300,-0.015000,-0.008600,-0.023500
2012-09,0.000100,0.067734,0.008620,0.083407,-0.104321,0.057478,-0.024642,0.027300,0.005700,0.016200,-0.013000,0.015600,-0.011300
2012-10,0.000100,-0.032469,-0.033793,0.122025,-0.118638,0.122410,0.001333,-0.017600,-0.008300,0.035200,-0.014000,0.025200,0.000500
2012-11,0.000100,0.017014,0.012665,-0.017891,0.013035,0.018808,0.020116,0.007800,0.004000,-0.008600,0.003800,0.008100,0.005300
2012-12,0.000100,0.012042,0.089669,0.107546,-0.081153,0.035178,-0.132806,0.011800,0.019200,0.034800,-0.017200,0.008000,-0.029300
2013-01,0.000000,0.112105,0.014063,0.036168,-0.094071,0.044011,-0.101624,0.055700,0.004200,0.010100,-0.020100,0.015200,-0.018200
2013-02,0.000000,0.027579,-0.008581,0.011362,-0.029330,0.032803,0.084528,0.012900,-0.002500,0.002100,-0.005900,0.006100,0.012300
2013-03,0.000000,0.061397,0.079455,-0.010480,0.011990,0.061386,0.318892,0.040300,0.008800,-0.002200,0.002700,0.014100,0.019200
2013-04,0.000000,0.061987,-0.152694,0.027247,0.028829,0.034497,0.009545,0.015600,-0.022400,0.004400,0.003900,0.004300,0.002200
2013-05,0.000000,0.029880,0.033547,0.084543,-0.065441,-0.036563,-0.064595,0.028100,0.020400,0.026700,-0.020000,-0.009500,-0.020100
2013-06,0.000000,-0.021217,0.028264,-0.002093,-0.008568,-0.002757,0.021759,-0.012000,0.015400,-0.000500,-0.002800,-0.000600,0.004300
2013-07,0.000000,0.051184,0.068115,0.020690,-0.042983,0.030048,0.068173,0.056500,0.017500,0.005800,-0.013500,0.005700,0.017400
2013-08,0.000000,-0.095260,-0.001345,-0.079702,0.017900,-0.132213,0.003118,-0.027100,-0.000300,-0.027300,0.007100,-0.021700,0.000400
2013-09,0.000000,0.067892,0.049117,-0.059010,-0.018159,-0.093195,0.117896,0.037700,0.026500,-0.011800,-0.005400,-0.013200,0.030200
2013-10,0.000000,0.137605,-0.075649,0.047144,0.108564,0.056432,0.001080,0.041700,-0.015000,0.012200,0.027500,0.008900,0.000200
2013-11,0.000000,0.039971,0.052898,0.009356,0.005608,0.001965,0.011951,0.031200,0.014400,0.001900,0.002600,0.000600,0.003900
2013-12,0.000000,0.073544,-0.009385,0.000000,-0.020494,0.004954,0.000415,0.028000,-0.004400,0.000000,-0.005800,0.000800,0.000200
2014-01,0.000000,-0.090797,0.011152,-0.159362,-0.234228,-0.070729,0.116141,-0.033000,0.006000,-0.019900,-0.039100,-0.015400,0.016100
2014-02,0.000000,0.063829,0.005344,-0.012041,-0.004066,-0.015132,0.059348,0.046800,0.001300,-0.003500,-0.002500,-0.005400,0.021300
2014-03,0.000000,0.005876,-0.024444,0.170473,0.096761,0.104156,-0.202968,0.004100,-0.011300,0.049000,0.020200,0.019200,-0.032700
2014-04,0.000000,-0.003830,-0.063160,0.022662,0.060747,0.028810,-0.121089,-0.001900,-0.040700,0.012200,0.034000,0.009300,-0.038200
2014-05,0.000000,0.024085,-0.030704,-0.001816,-0.000900,-0.019544,0.009019,0.020400,-0.018600,-0.001000,-0.000900,-0.009600,0.008900
2014-06,0.000000,0.075879,0.029622,-0.021209,-0.039007,-0.086096,0.036477,0.026100,0.030600,-0.007100,-0.018300,-0.019100,0.006500
2014-07,0.000000,-0.121705,-0.080659,-0.005477,0.048629,0.052943,-0.025808,-0.020300,-0.042000,-0.000800,0.009300,0.005100,-0.001700
2014-08,0.000000,0.080383,0.005009,-0.012654,-0.012038,-0.025636,0.070377,0.042400,0.002900,-0.005700,-0.006400,-0.006900,0.008300
2014-09,0.000000,-0.070847,-0.106548,-0.091292,0.073129,-0.031896,0.052564,-0.019600,-0.036600,-0.014700,0.012000,-0.005900,0.006000
2014-10,0.000000,0.063788,0.072265,-0.066690,-0.017041,0.005505,-0.023013,0.025100,0.036600,-0.016300,-0.003900,0.002100,-0.002100
2014-11,0.000000,0.016653,-0.014718,-0.068293,0.034799,0.004985,0.019629,0.025600,-0.023000,-0.031300,0.015700,0.001400,0.006900
2014-12,0.000000,-0.005772,0.042761,0.048570,-0.043611,0.034480,0.028199,-0.000500,0.028300,0.021200,-0.012100,0.009000,0.010300
2015-01,0.000000,-0.029562,-0.010353,-0.089518,0.029737,-0.040656,0.092767,-0.030900,-0.009300,-0.034500,0.015800,-0.016400,0.037400
2015-02,0.000000,0.052838,0.005649,-0.037375,-0.028001,-0.041326,-0.037216,0.061400,0.003600,-0.017900,-0.011000,-0.017500,-0.031000
2015-03,0.000000,-0.026048,0.198606,-0.007908,0.002910,-0.023216,0.040739,-0.010900,0.030800,-0.003800,0.000700,-0.006200,0.027000
2015-04,0.000000,0.007578,-0.063418,0.031195,0.002104,-0.024322,-0.165476,0.006000,-0.030100,0.018000,0.000500,-0.006200,-0.072700
2015-05,0.000000,0.044155,0.017776,-0.021863,-0.036154,-0.025619,0.064584,0.013800,0.008200,-0.011100,-0.017600,-0.008300,0.056800
2015-06,0.000000,-0.038072,0.126122,-0.057773,0.027757,-0.092570,0.088802,-0.015400,0.029000,-0.008200,0.003500,-0.015400,0.030100
2015-07,0.000000,0.028973,-0.153101,-0.190300,0.015501,-0.097950,0.493433,0.015700,-0.045800,-0.041600,0.003100,-0.024400,0.099700
2015-08,0.000000,-0.101309,0.005785,0.065266,0.016199,0.025843,-0.023345,-0.060200,0.002900,0.027500,0.006600,0.012900,-0.021600
2015-09,0.000000,-0.010945,-0.027760,0.005226,0.047665,-0.007680,0.034310,-0.030600,-0.028000,0.005500,0.018000,-0.005900,0.052400
2015-10,0.000000,0.038616,-0.033950,-0.003028,0.020158,0.006376,-0.034053,0.077500,-0.020600,-0.004700,0.009500,0.006100,-0.031900
2015-11,0.000000,0.006409,0.034493,-0.003484,-0.038876,-0.012834,0.010603,0.005700,0.033000,-0.004300,-0.026500,-0.010600,0.022900
2015-12,0.000100,-0.038630,-0.053805,-0.083259,0.008307,0.004312,0.040870,-0.021500,-0.029500,-0.025700,0.003400,0.001200,0.033400
2016-01,0.000100,-0.041259,-0.064809,0.034796,0.074169,0.061725,0.013629,-0.057400,-0.034400,0.020800,0.027800,0.030500,0.016000
2016-02,0.000200,-0.000308,0.009153,-0.005113,0.058924,0.016259,-0.025351,-0.000700,0.008700,-0.006100,0.033100,0.019400,-0.043500
2016-03,0.000200,0.049197,0.025078,0.010594,0.005341,0.000080,-0.023223,0.069500,0.010000,0.012200,0.006800,0.000100,-0.050400
2016-04,0.000100,0.012620,0.008417,0.047886,-0.044410,0.036238,-0.019788,0.009100,0.012300,0.032200,-0.028500,0.017700,-0.059800
2016-05,0.000100,0.039025,-0.015271,-0.016326,-0.028069,-0.031948,0.015883,0.017800,-0.006200,-0.016200,-0.011000,-0.025400,0.014700
2016-06,0.000200,-0.000555,0.010024,-0.021152,0.020484,0.058497,0.046278,-0.000300,0.004200,-0.014900,0.014500,0.019000,0.042000
2016-07,0.000200,0.024632,0.049604,-0.022392,0.019818,-0.028562,-0.022752,0.039400,0.024700,-0.012400,0.013100,-0.011600,-0.033100
2016-08,0.000200,0.017485,0.030470,0.053886,-0.043902,-0.005774,-0.050813,0.004900,0.016600,0.031700,-0.018500,-0.003600,-0.034100
2016-09,0.000200,0.016207,0.050068,-0.023659,-0.041062,0.000623,0.005155,0.002700,0.018100,-0.011900,-0.021800,0.000300,0.002600
2016-10,0.000200,-0.023046,-0.134254,0.075061,0.015500,0.002684,0.035710,-0.020100,-0.040200,0.041100,0.009900,0.002500,0.005100
2016-11,0.000100,0.231658,0.168272,0.194753,-0.004651,0.088526,-0.204281,0.048500,0.069600,0.082900,-0.002400,0.037100,-0.047700
2016-12,0.000300,0.032746,0.002302,0.022285,0.009637,-0.002103,-0.003329,0.018100,0.004400,0.034700,0.012400,-0.003200,-0.002700
2017-01,0.000400,0.066978,-0.019284,-0.038541,-0.015738,-0.057131,-0.055267,0.019400,-0.014400,-0.027600,-0.005100,-0.010600,-0.009300
2017-02,0.000400,0.161175,-0.026967,-0.022894,0.012814,-0.060711,-0.041947,0.035500,-0.023000,-0.015000,0.004500,-0.018000,-0.015100
2017-03,0.000300,0.011965,0.013384,-0.093383,0.019324,-0.039243,-0.053326,0.001700,0.007500,-0.033300,0.006300,-0.009500,-0.009700
2017-04,0.000500,0.030686,0.006509,-0.029628,0.034740,-0.032150,0.010122,0.010800,0.004100,-0.020500,0.017900,-0.016000,0.004800
2017-05,0.000600,0.044837,-0.042074,-0.095543,0.047925,-0.032550,0.082463,0.010700,-0.029900,-0.038200,0.009900,-0.016600,0.015000
2017-06,0.000600,0.026410,0.084325,0.035688,-0.051132,0.000505,-0.003013,0.007800,0.025200,0.015000,-0.022600,0.000400,-0.001000
2017-07,0.000700,0.069029,-0.029257,-0.001262,-0.018632,-0.001462,0.027849,0.018800,-0.016400,-0.002300,-0.007500,-0.001500,0.016300
2017-08,0.000900,0.013056,-0.058324,-0.036504,0.009878,-0.039345,0.081099,0.001800,-0.018300,-0.021300,0.002000,-0.023800,0.033100
2017-09,0.000900,0.060297,0.107646,0.081375,-0.047152,0.054830,-0.051950,0.024900,0.047600,0.031500,-0.015400,0.016300,-0.013500
2017-10,0.000900,0.147931,-0.051684,0.002685,0.028880,-0.080988,0.113254,0.022500,-0.019100,0.001300,0.009200,-0.031400,0.042100
2017-11,0.000800,0.234468,-0.011513,-0.002928,0.147381,-0.001684,-0.048361,0.031200,-0.003800,-0.000900,0.031900,-0.001000,-0.009400
2017-12,0.000900,0.052251,-0.016991,0.000804,0.009552,0.038403,-0.021106,0.010600,-0.010500,0.000500,0.007300,0.017900,-0.015500
2018-01,0.001100,0.396315,-0.074106,-0.031046,-0.015807,-0.024786,0.081544,0.055800,-0.032100,-0.013200,-0.007500,-0.010500,0.040800
2018-02,0.001100,-0.092322,0.005483,-0.055449,0.011370,-0.084064,0.166420,-0.036400,0.003400,-0.011000,0.005300,-0.023600,0.036800
2018-03,0.001200,-0.009008,0.087724,-0.008127,-0.010278,0.002407,-0.048946,-0.023500,0.036100,-0.002100,-0.004100,0.000800,-0.012000
2018-04,0.001400,0.001768,0.014220,0.018556,-0.031314,0.019741,0.006194,0.002900,0.008900,0.005300,-0.024200,0.012400,0.004500
2018-05,0.001400,0.021831,0.202836,-0.048952,-0.022098,-0.047368,0.089310,0.026300,0.047100,-0.031400,-0.019800,-0.014900,0.039100
2018-06,0.001400,0.011224,0.010831,-0.048879,0.012082,0.003419,-0.122325,0.004900,0.007700,-0.023300,0.008300,0.002000,-0.022600
2018-07,0.001600,0.092247,-0.043361,0.009712,0.020070,0.004827,-0.040559,0.032000,-0.019300,0.004900,0.015300,0.003100,-0.014300
2018-08,0.001600,0.103147,0.007493,-0.029767,-0.011332,-0.035711,0.112486,0.034600,0.006500,-0.039100,-0.002900,-0.025700,0.053000
2018-09,0.001500,0.002292,-0.069932,-0.054110,0.016410,0.029076,-0.002024,0.000600,-0.024900,-0.016200,0.006500,0.013600,-0.000800
2018-10,0.001900,-0.583106,-0.215129,0.055252,0.034368,0.066237,-0.032813,-0.076400,-0.043800,0.033800,0.010300,0.036000,-0.020600
2018-11,0.001800,0.006943,-0.005955,0.001664,-0.008657,0.001881,-0.014753,0.017100,-0.008100,0.003600,-0.006100,0.004000,-0.014000
2018-12,0.001900,-0.061070,-0.033938,-0.011888,-0.000327,0.001479,0.034907,-0.095500,-0.028100,-0.019200,-0.000300,0.002400,0.017600
2019-01,0.002100,0.023410,0.040246,-0.003041,-0.014919,-0.015492,-0.292566,0.083600,0.029100,-0.003900,-0.007300,-0.016500,-0.086200
2019-02,0.001800,0.021350,0.047184,-0.023980,0.004883,-0.017571,0.005484,0.034200,0.017200,-0.026600,0.001600,-0.015400,0.005000
2019-03,0.001900,0.038295,-0.162431,-0.074594,0.013375,-0.027142,0.103864,0.011000,-0.035200,-0.041400,0.008800,-0.009000,0.022400
2019-04,0.002100,0.061031,-0.018330,0.031245,0.036965,-0.086800,-0.116396,0.039700,-0.011500,0.021300,0.016100,-0.021800,-0.029100
2019-05,0.002100,-0.315693,-0.030879,-0.037760,-0.006448,0.046073,0.131092,-0.069200,-0.015600,-0.024500,-0.004800,0.017600,0.075500
2019-06,0.001800,0.065800,0.003711,-0.013366,0.018481,-0.012495,-0.037186,0.069900,0.001900,-0.006400,0.004500,-0.005500,-0.022400
2019-07,0.001900,0.020155,-0.020604,0.004697,-0.003002,0.004464,0.028477,0.012200,-0.018200,0.005000,-0.001300,0.003700,0.029200
2019-08,0.001600,-0.079795,-0.042669,-0.056800,0.009504,-0.019127,0.102127,-0.025500,-0.032500,-0.047700,0.005300,-0.006200,0.075100
2019-09,0.001800,0.006161,0.006011,0.076832,0.048882,0.152552,-0.063265,0.014200,0.002900,0.067600,0.018200,0.033800,-0.067400
2019-10,0.001500,0.055955,0.001996,-0.011109,0.008602,-0.022778,0.000508,0.020700,0.002500,-0.019200,0.004300,-0.010300,0.001300
2019-11,0.001200,0.048311,0.007411,-0.030150,-0.052123,-0.029948,-0.035103,0.038700,0.003900,-0.020000,-0.016400,-0.011400,-0.026300
2019-12,0.001400,0.152327,0.024543,0.023600,0.001261,0.092285,-0.019730,0.027600,0.009900,0.017300,0.000500,0.011900,-0.022200
2020-01,0.001300,-0.003547,-0.189271,-0.134137,-0.045542,-0.087715,0.235528,-0.000900,-0.043700,-0.062200,-0.011900,-0.021900,0.060200
2020-02,0.001200,-0.144326,0.001681,-0.077710,-0.050247,-0.099223,-0.006301,-0.081500,0.000800,-0.038200,-0.014300,-0.025300,-0.002800
2020-03,0.001200,-0.056337,-0.188033,-0.125963,-0.026962,0.022096,0.153648,-0.133500,-0.081800,-0.138300,-0.016100,0.011900,0.082100
2020-04,0.000000,0.003726,0.002897,-0.001298,0.015016,-0.004851,-0.026999,0.135800,0.025700,-0.013400,0.027600,-0.010200,-0.054800
2020-05,0.000100,0.007551,0.003854,-0.005241,0.004219,-0.033487,0.000247,0.055900,0.019200,-0.050000,0.009600,-0.031600,0.001600
2020-06,0.000100,0.010875,0.006062,-0.001706,0.000839,0.006211,-0.001046,0.024400,0.019500,-0.021700,0.001400,0.005500,-0.008300
2020-07,0.000100,0.015795,-0.017422,-0.001689,0.002379,0.015638,0.006116,0.058300,-0.031900,-0.014400,0.003800,0.009700,0.077100
2020-08,0.000100,0.082286,-0.003275,-0.004146,0.028083,-0.009947,0.000928,0.076200,-0.008900,-0.030200,0.042700,-0.015100,0.004600
2020-09,0.000100,-0.093536,-0.000055,-0.005905,-0.009720,-0.015865,0.008322,-0.036400,-0.000100,-0.027200,-0.013800,-0.019300,0.031900
2020-10,0.000100,-0.007982,0.028080,0.011801,-0.005331,-0.006402,-0.009914,-0.020800,0.046700,0.042500,-0.007700,-0.005700,-0.031400
2020-11,0.000100,0.067606,0.065155,0.007069,-0.027115,0.017120,-0.044657,0.124400,0.071200,0.020900,-0.022500,0.012800,-0.125500
2020-12,0.000100,0.036339,0.013971,-0.001387,-0.017076,-0.000308,-0.001354,0.046300,0.049300,-0.016800,-0.019700,-0.000600,-0.023700
2021-01,0.000000,-0.002123,0.048733,0.016114,-0.015641,0.053869,0.026023,-0.000700,0.068100,0.032200,-0.036500,0.049700,0.043100
2021-02,0.000000,0.026340,0.013139,0.020933,0.001734,-0.005356,-0.075164,0.028100,0.045000,0.072000,0.003300,-0.019900,-0.079000
2021-03,0.000000,0.033547,-0.003823,0.024705,0.033100,0.017109,-0.037507,0.031600,-0.008400,0.073500,0.063500,0.035200,-0.061200
2021-04,0.000000,0.029844,-0.006960,-0.001186,0.005670,-0.017368,0.001915,0.049700,-0.031600,-0.010200,0.024300,-0.027200,0.012300
2021-05,0.000000,0.005075,0.008596,0.040975,0.011684,0.054916,0.004679,0.002900,0.012700,0.070400,0.023400,0.030100,0.005600
2021-06,0.000000,0.031751,-0.002233,-0.029517,-0.009904,-0.009445,0.014339,0.027300,-0.003000,-0.078600,-0.021400,-0.009300,0.020700
2021-07,0.000000,0.042992,-0.030528,-0.004733,0.058091,-0.005153,-0.022633,0.013400,-0.045500,-0.017900,0.055000,-0.005900,-0.021800
2021-08,0.000000,0.048920,-0.004452,-0.001063,-0.000920,-0.013033,0.019111,0.029500,-0.006600,-0.002300,-0.002600,-0.017200,0.026300
2021-09,0.000000,-0.127531,0.009100,0.026836,-0.006336,0.020769,0.025642,-0.044000,0.011200,0.051200,-0.019200,0.020000,0.013900
2021-10,0.000000,0.089564,-0.037870,-0.002737,0.009555,-0.012727,0.071313,0.066300,-0.027000,-0.005300,0.017100,-0.015400,0.033200
2021-11,0.000000,-0.024959,-0.023252,-0.002197,0.090484,0.013327,0.023257,-0.015800,-0.017000,-0.003700,0.071900,0.017000,0.009600
2021-12,0.000100,0.046377,-0.005660,0.012412,0.023324,0.021240,-0.050725,0.032400,-0.007800,0.032500,0.048800,0.042900,-0.023900
2022-01,0.000000,-0.041310,-0.042885,0.034089,0.001587,0.057419,-0.022230,-0.061500,-0.040100,0.128600,0.007700,0.077300,-0.024200
2022-02,0.000000,-0.012966,0.020494,0.004669,-0.006493,0.008716,0.028744,-0.022800,0.028600,0.030600,-0.020300,0.030300,0.016600
2022-03,0.000000,0.014802,-0.029797,-0.004302,-0.004414,0.009942,0.017066,0.030800,-0.021100,-0.019000,-0.015000,0.032100,0.029400
2022-04,0.000000,-0.033852,-0.003582,0.011164,0.010202,0.010539,0.029048,-0.094100,-0.003500,0.061800,0.034100,0.059200,0.050000
2022-05,0.000300,-0.001240,-0.000483,0.026584,0.008867,0.013842,0.017549,-0.003300,-0.000300,0.084400,0.015500,0.039500,0.025400
2022-06,0.000600,-0.018930,0.018202,-0.012753,0.002812,-0.012806,0.005205,-0.084000,0.013300,-0.060000,0.017600,-0.045800,0.010900
2022-07,0.000800,0.024125,0.028251,-0.008245,0.003083,-0.013912,-0.010476,0.095700,0.017800,-0.041500,0.007700,-0.068500,-0.043600
2022-08,0.001900,-0.020945,0.015624,0.000512,-0.015837,0.002436,0.004906,-0.037700,0.014900,0.001800,-0.047800,0.013200,0.018500
2022-09,0.001900,-0.051611,-0.011582,0.000102,-0.003077,-0.002869,0.011620,-0.093400,-0.009700,0.000300,-0.013700,-0.007700,0.036700
2022-10,0.002300,0.030116,0.028715,0.063148,0.014433,0.034121,0.029258,0.078600,0.018100,0.079700,0.032700,0.064300,0.039000
2022-11,0.002900,0.014106,-0.046636,0.007788,0.025476,0.010043,-0.008876,0.046900,-0.027500,0.014800,0.063000,0.031500,-0.017000
2022-12,0.003300,-0.018879,-0.003583,0.004664,0.001057,0.008474,0.007851,-0.063800,-0.001900,0.013400,0.003200,0.042800,0.049100
2023-01,0.003500,0.044668,0.110566,-0.026424,-0.015764,-0.021914,-0.093601,0.065900,0.043900,-0.039400,-0.024200,-0.044300,-0.161700
2023-02,0.003400,-0.021311,0.011371,-0.007499,0.009163,-0.006526,0.002490,-0.025700,0.005800,-0.008000,0.009700,-0.015100,0.005500
2023-03,0.003600,0.025918,-0.096579,-0.047220,0.021785,-0.007707,-0.008031,0.024900,-0.068900,-0.090500,0.022700,-0.021000,-0.023500
2023-04,0.003500,0.003995,-0.021981,-0.000367,0.018650,0.013531,0.017405,0.006300,-0.025700,-0.001200,0.024200,0.028500,0.017600
2023-05,0.003600,0.005990,-0.006362,-0.092940,-0.016210,-0.063366,-0.010169,0.003300,-0.004300,-0.077900,-0.017800,-0.070800,-0.008800
2023-06,0.004000,0.088874,0.016299,-0.000819,0.010888,-0.009287,-0.022878,0.064600,0.012800,-0.001300,0.023200,-0.015400,-0.026900
2023-07,0.004500,0.052740,0.013996,0.017557,-0.007793,0.003653,-0.052101,0.032100,0.028600,0.040600,-0.005900,0.006600,-0.040600
2023-08,0.004500,-0.069531,-0.037144,-0.008568,0.030294,-0.022352,0.049252,-0.023600,-0.036500,-0.011500,0.033500,-0.024100,0.037800
2023-09,0.004300,-0.073959,-0.045864,0.019983,0.026601,-0.011202,0.008605,-0.052300,-0.017800,0.014900,0.018700,-0.007700,0.003300
2023-10,0.004700,-0.058856,-0.054279,0.004028,0.042152,-0.019511,0.042913,-0.031500,-0.040300,0.002000,0.024100,-0.006900,0.016700
2023-11,0.004400,0.095196,-0.001944,0.019081,-0.019433,-0.014827,0.037204,0.088800,-0.002000,0.016700,-0.037300,-0.010800,0.025600
2023-12,0.004300,0.064847,0.027460,0.049310,-0.020146,0.029128,-0.044191,0.048600,0.072700,0.048900,-0.029700,0.012900,-0.055300
2024-01,0.004700,0.015217,-0.023534,-0.019606,0.008609,-0.018329,0.055118,0.007300,-0.057200,-0.023800,0.006700,-0.009700,0.054200
2024-02,0.004200,0.090727,-0.005452,-0.041308,-0.019482,-0.050920,0.063288,0.050700,-0.008200,-0.034300,-0.020600,-0.021700,0.049000
2024-03,0.004300,0.041906,-0.004026,0.040547,0.008961,0.007335,-0.002795,0.028400,-0.012100,0.041600,0.013300,0.011400,-0.003200
2024-04,0.004700,-0.116368,-0.021017,-0.004617,0.011639,-0.004436,-0.006441,-0.046500,-0.025900,-0.004500,0.011400,-0.003100,-0.004300
2024-05,0.004400,0.051236,0.006837,-0.011624,0.063009,-0.028443,-0.001560,0.043200,0.005900,-0.013100,0.031700,-0.028500,-0.001600
2024-06,0.004100,0.066442,-0.063668,-0.056057,0.004326,-0.013045,0.013666,0.028000,-0.043200,-0.033600,0.005600,-0.018000,0.008500
2024-07,0.004500,0.065711,0.077219,0.058455,0.002794,0.003202,-0.046400,0.012200,0.083400,0.056200,0.002600,0.002800,-0.023500
2024-08,0.004800,0.018093,-0.008455,-0.004306,0.006933,0.005115,0.049665,0.016100,-0.035500,-0.011000,0.007600,0.008200,0.048100
2024-09,0.004000,0.009744,-0.006295,-0.025243,0.001863,-0.001730,-0.009998,0.017300,-0.009200,-0.027600,0.002000,-0.002900,-0.006200
2024-10,0.003900,-0.012467,-0.008633,0.007649,-0.022901,0.014533,0.062433,-0.010000,-0.008900,0.008600,-0.014800,0.009800,0.030000
2024-11,0.004000,0.118464,0.042505,0.001374,-0.028482,-0.030961,0.025065,0.064900,0.045900,0.001500,-0.023100,-0.020500,0.010000
2024-12,0.003700,-0.039966,-0.017873,-0.008930,0.021280,-0.010867,-0.004837,-0.031500,-0.038300,-0.030000,0.018900,-0.012100,-0.003000
2025-01,0.003700,0.029918,-0.015410,0.019900,-0.011881,-0.034343,0.009298,0.028000,-0.012300,0.016300,-0.023500,-0.032400,0.009600
2025-02,0.003300,-0.030245,-0.087120,0.023494,0.007421,0.018283,-0.005729,-0.024300,-0.049100,0.049100,0.010800,0.030600,-0.008100
2025-03,0.003400,-0.089431,-0.027531,0.022498,0.011297,-0.004402,-0.041199,-0.063900,-0.014900,0.029000,0.021100,-0.004700,-0.028400
2025-04,0.003500,-0.004184,-0.032879,-0.020619,-0.010393,-0.027626,0.031784,-0.008400,-0.018600,-0.034000,-0.028500,-0.026700,0.049700
2025-05,0.003800,0.006014,-0.004954,-0.014201,0.007919,0.048037,0.018182,0.060600,-0.007200,-0.028800,0.012900,0.025100,0.022100
2025-06,0.003400,0.037840,-0.000307,-0.028284,-0.028944,0.019757,-0.021367,0.048600,-0.000200,-0.016100,-0.032000,0.014400,-0.026400
2025-07,0.003400,0.043727,-0.002171,-0.036217,-0.003756,-0.036447,-0.016200,0.019800,-0.001500,-0.012700,-0.003100,-0.020700,-0.009700
2025-08,0.003800,0.085546,0.029982,0.030157,-0.008140,0.012194,-0.016276,0.018500,0.048800,0.044200,-0.006800,0.020800,-0.035400
2025-09,0.003300,0.051525,-0.012918,-0.010469,-0.021281,-0.019026,0.036596,0.033900,-0.021800,-0.010500,-0.020600,-0.022200,0.046300
2025-10,0.003700,0.083026,-0.013391,-0.037583,-0.044788,-0.061643,0.003867,0.019600,-0.013000,-0.031000,-0.052100,-0.040300,0.002700
2025-11,0.003000,-0.001446,0.015398,0.030886,0.005106,0.003780,-0.020164,-0.001300,0.014700,0.037600,0.014200,0.006800,-0.018000
2025-12,0.003400,-0.003857,-0.001995,0.023806,0.002202,0.001623,-0.018627,-0.003600,-0.002200,0.024200,0.004000,0.003700,-0.024000
2026-01,0.003000,0.029643,0.053835,0.035878,0.012850,0.018506,0.061303,0.010200,0.032600,0.037000,0.018300,0.018100,0.049500
